"T Id","Well Name","# Cells","# Positive Cells","% Positive Cells","# Negative Cells","% Negative Cells","Positive Cell Average Intensities","All Cell Average Intensities","Positive Cell Integrated Intensities","Positive Cell Total Integrated Intensity","Positive Cell Total Intensity","Positive Cell Total Area","Positive Cell Average Area","Concentration","Group","Compound"
1,"F1",81,1,1.23457,80,98.7654,59.814,19.6917,5144,5144,59.814,10.2361,10.2361,,,
1,"F2",326,4,1.22699,322,98.773,47.286,11.7779,1517.25,6069,189.144,15.1162,3.77904,,,
1,"F3",3,0,0,3,100,0,12.891,0,0,0,0,0,,,
1,"F4",8,0,0,8,100,0,12.3883,0,0,0,0,0,,,
1,"F5",730,34,4.65753,696,95.3425,42.9329,18.3995,3522.5,119765,1459.72,291.016,8.5593,,,
1,"F6",865,22,2.54335,843,97.4566,33.2473,11.4686,1656.95,36453,731.441,127.119,5.77812,,,
1,"F7",15,1,6.66667,14,93.3333,52.7529,17.2352,4484,4484,52.7529,10.1171,10.1171,,,
1,"F8",2706,147,5.43237,2559,94.5676,45.1229,18.2007,3840.57,564564,6633.06,1316.89,8.95845,,,
1,"F9",94,9,9.57447,85,90.4255,30.9915,16.608,1788.67,16098,278.923,61.893,6.877,,,
1,"F10",82,1,1.21951,81,98.7805,27.5385,14.1307,2506,2506,27.5385,10.8313,10.8313,,,
1,"F11",47,3,6.38298,44,93.617,56.2067,21.3944,6193.33,18580,168.62,37.3738,12.4579,,,
1,"F12",1034,2,0.193424,1032,99.8066,51.0115,12.2636,3833,7666,102.023,17.0206,8.51029,,,
2,"F1",1251,33,2.63789,1218,97.3621,40.0229,17.5613,1608.55,53082,1320.75,157.589,4.77543,,,
2,"F2",431,6,1.39211,425,98.6079,32.0596,13.2735,1008.5,6051,192.358,20.8294,3.47156,,,
2,"F3",905,19,2.09945,886,97.9006,38.8255,13.2953,1769.58,33622,737.685,100.576,5.29348,,,
2,"F4",184,3,1.63043,181,98.3696,29.2563,12.9495,973.667,2921,87.769,11.6644,3.88815,,,
2,"F5",1931,161,8.33765,1770,91.6624,41.9589,19.663,4103.14,660605,6755.38,1508.17,9.36749,,,
2,"F6",944,19,2.01271,925,97.9873,32.86,12.9185,2013.63,38259,624.339,128.547,6.76563,,,
2,"F7",91,3,3.2967,88,96.7033,35.5699,17.8145,2683,8049,106.71,26.3045,8.76818,,,
2,"F8",5048,216,4.27892,4832,95.7211,42.5236,17.4546,3395.99,733534,9185.09,1817.27,8.4133,,,
2,"F9",2198,104,4.73157,2094,95.2684,34.1798,16.7246,2105.13,218933,3554.69,737.36,7.09,,,
2,"F10",496,4,0.806452,492,99.1936,35.8551,14.6705,3081.5,12326,143.42,39.2783,9.81956,,,
2,"F11",291,2,0.687285,289,99.3127,31.4005,16.6064,1123,2246,62.8009,8.68883,4.34441,,,
2,"F12",1949,7,0.359159,1942,99.6408,38.8168,15.484,7989.57,55927,271.718,99.981,14.283,,,
3,"F1",3636,61,1.67767,3575,98.3223,37.1155,16.9299,1322.44,80669,2264.05,255.071,4.18148,,,
3,"F2",541,9,1.66359,532,98.3364,35.1791,13.6043,1538.89,13850,316.612,43.2061,4.80067,,,
3,"F3",1353,27,1.99557,1326,98.0044,35.5716,12.8536,1601.48,43240,960.432,132.951,4.92411,,,
3,"F4",769,11,1.43043,758,98.5696,38.844,14.5217,1447.73,15925,427.284,46.8959,4.26326,,,
3,"F5",4409,316,7.16716,4093,92.8328,41.9622,19.4134,3499.77,1105930,13260.1,2613.19,8.2696,,,
3,"F6",1034,39,3.77176,995,96.2282,33.862,13.5946,1946.95,75931,1320.62,244.12,6.25949,,,
3,"F7",774,37,4.78036,737,95.2196,44.0324,21.7189,4451.3,164698,1629.2,350.886,9.4834,,,
3,"F8",7205,266,3.69188,6939,96.3081,41.4914,17.0985,2975.33,791439,11036.7,2007.59,7.54735,,,
3,"F9",5216,268,5.13804,4948,94.862,34.2969,17.0142,1953.76,523609,9191.56,1695.04,6.32476,,,
3,"F10",1005,11,1.09453,994,98.9055,35.9299,15.0371,2396.73,26364,395.229,84.5078,7.68252,,,
3,"F11",990,5,0.50505,985,99.4949,31.6219,17.5476,1514.8,7574,158.11,30.2323,6.04647,,,
3,"F12",4414,16,0.362483,4398,99.6375,39.2509,16.15,4406.94,70511,628.015,144.853,9.05334,,,
4,"F1",6178,70,1.13305,6108,98.8669,37.3794,15.9156,1217.74,85242,2616.56,271.139,3.87341,,,
4,"F2",1224,14,1.14379,1210,98.8562,34.2004,13.499,1229.29,17210,478.805,58.6793,4.19138,,,
4,"F3",2147,51,2.37541,2096,97.6246,33.2725,12.828,1332.37,67951,1696.9,241.026,4.72599,,,
4,"F4",1404,23,1.63818,1381,98.3618,38.4014,15.1069,1523,35029,883.232,104.266,4.5333,,,
4,"F5",7075,336,4.74912,6739,95.2509,42.6888,18.86,3173.12,1066170,14343.4,2554.04,7.60131,,,
4,"F6",1229,41,3.33605,1188,96.664,33.3266,13.647,2265,92865,1366.39,300.419,7.3273,,,
4,"F7",2291,113,4.93234,2178,95.0677,41.3667,21.3775,2835.5,320411,4674.44,832.342,7.36586,,,
4,"F8",8995,241,2.67927,8754,97.3207,40.4497,16.7484,2872.22,692204,9748.38,1823.82,7.56772,,,
4,"F9",8193,201,2.45331,7992,97.5467,35.2616,16.6517,2099.76,422051,7087.58,1359.03,6.76133,,,
4,"F10",1691,13,0.768776,1678,99.2312,32.0882,15.1667,1877,24401,417.147,87.8404,6.75696,,,
4,"F11",1976,21,1.06275,1955,98.9372,30.7423,17.4058,1698.48,35668,645.588,138.902,6.61439,,,
4,"F12",6645,20,0.300978,6625,99.699,37.3274,15.7596,3103.65,62073,746.548,141.164,7.05818,,,
5,"F1",7993,70,0.875766,7923,99.1242,35.7832,14.2015,1258.49,88094,2504.83,294.587,4.20838,,,
5,"F2",2438,41,1.68171,2397,98.3183,36.679,13.5009,1537.51,63038,1503.84,202.7,4.94389,,,
5,"F3",3064,71,2.31723,2993,97.6828,34.3795,12.9293,1897.42,134717,2440.95,400.876,5.64614,,,
5,"F4",1983,18,0.907716,1965,99.0923,38.8664,15.0049,1623.61,29225,699.596,83.9126,4.66181,,,
5,"F5",9319,321,3.44458,8998,96.5554,41.6547,18.3622,3123.8,1002740,13371.2,2462.15,7.67025,,,
5,"F6",1950,25,1.28205,1925,98.7179,38.5605,13.9004,2563.36,64084,964.013,181.87,7.27481,,,
5,"F7",3903,188,4.81681,3715,95.1832,43.2297,21.4674,3729.2,701090,8127.18,1560.06,8.29819,,,
5,"F8",10761,460,4.2747,10301,95.7253,39.1547,16.6976,2362.96,1086960,18011.2,3012.52,6.54896,,,
5,"F9",10507,200,1.90349,10307,98.0965,34.5147,16.4424,1893.21,378642,6902.94,1251.19,6.25595,,,
5,"F10",2648,15,0.566465,2633,99.4335,32.3189,15.0914,1573.8,23607,484.784,88.1975,5.87984,,,
5,"F11",3245,24,0.739599,3221,99.2604,30.4185,17.7161,1448.58,34766,730.045,135.927,5.66361,,,
5,"F12",8569,26,0.303419,8543,99.6966,37.2212,15.2495,2350.81,61121,967.75,159.613,6.13894,,,
6,"F1",9582,63,0.657483,9519,99.3425,32.523,13.2369,1037.49,65362,2048.95,239.597,3.80313,,,
6,"F2",3781,50,1.3224,3731,98.6776,32.5808,13.2242,1207.98,60399,1629.04,215.316,4.30632,,,
6,"F3",3794,66,1.73959,3728,98.2604,33.0832,12.7877,1695.33,111892,2183.49,342.554,5.19021,,,
6,"F4",2658,34,1.27916,2624,98.7208,38.3344,15.1183,1528.06,51954,1303.37,152.471,4.48444,,,
6,"F5",11253,285,2.53266,10968,97.4673,41.3186,18.0072,2850.25,812321,11775.8,2073.77,7.27639,,,
6,"F6",3080,109,3.53896,2971,96.461,33.545,13.9668,2056.95,224207,3656.4,744.263,6.8281,,,
6,"F7",5119,151,2.9498,4968,97.0502,46.4176,21.1282,4043.14,610514,7009.05,1271.78,8.4224,,,
6,"F8",12533,181,1.44419,12352,98.5558,40.9125,16.2742,2570.75,465305,7405.16,1250.12,6.90674,,,
6,"F9",12463,352,2.82436,12111,97.1756,33.876,16.3683,1761.1,619907,11924.3,2094.6,5.95057,,,
6,"F10",3632,28,0.770925,3604,99.2291,35.6617,15.1954,2286.36,64018,998.529,201.271,7.18826,,,
6,"F11",4541,14,0.308302,4527,99.6917,36.103,17.763,2197.86,30770,505.442,95.9342,6.85244,,,
6,"F12",10204,29,0.284202,10175,99.7158,29.917,15.082,1418.72,41143,867.592,161.517,5.56955,,,
7,"F1",10610,53,0.499529,10557,99.5005,31.664,13.3313,977.038,51783,1678.19,194.011,3.66058,,,
7,"F2",4861,102,2.09833,4759,97.9017,33.8509,13.271,1425.11,145361,3452.79,478.838,4.69449,,,
7,"F3",4374,77,1.7604,4297,98.2396,33.5421,12.7983,1697.3,130692,2582.74,394.449,5.12271,,,
7,"F4",3414,71,2.07967,3343,97.9203,36.3928,15.1634,1233.99,87613,2583.89,278.28,3.91944,,,
7,"F5",12836,372,2.8981,12464,97.1019,40.9672,17.8532,2654.68,987541,15239.8,2562.73,6.88905,,,
7,"F6",4279,38,0.888058,4241,99.1119,33.4151,13.6755,2225.71,84577,1269.77,271.972,7.15716,,,
7,"F7",6025,101,1.67635,5924,98.3236,45.3263,21.0368,3775.73,381349,4577.96,817.107,8.09016,,,
7,"F8",13883,197,1.419,13686,98.581,39.6836,16.0983,2761.43,544002,7817.67,1427.11,7.24421,,,
7,"F9",14164,140,0.988421,14024,99.0116,35.4809,16.0787,2194.08,307171,4967.32,977.314,6.98082,,,
7,"F10",4484,32,0.713648,4452,99.2864,34.0995,15.255,1771.13,56676,1091.18,189.845,5.93265,,,
7,"F11",5639,40,0.709346,5599,99.2907,32.0167,17.8543,1721.32,68853,1280.67,250.548,6.26369,,,
7,"F12",10540,24,0.227704,10516,99.7723,31.4095,15.1906,1295.08,31082,753.828,126.286,5.2619,,,
8,"F1",10766,51,0.473714,10715,99.5263,32.9498,13.5693,971.588,49551,1680.44,186.393,3.65477,,,
8,"F2",5684,86,1.51302,5598,98.487,32.1398,13.2012,1192.41,102547,2764.02,371.953,4.32504,,,
8,"F3",4887,90,1.84162,4797,98.1584,33.6631,12.7798,1520.32,136829,3029.68,432.18,4.802,,,
8,"F4",3944,52,1.31846,3892,98.6815,37.9255,14.9613,1517.79,78925,1972.12,229.48,4.41308,,,
8,"F5",14115,207,1.46652,13908,98.5335,40.775,17.4976,2947.18,610067,8440.42,1553.99,7.5072,,,
8,"F6",5315,51,0.959548,5264,99.0405,33.6091,13.7732,1873.29,95538,1714.07,325.414,6.38067,,,
8,"F7",6822,63,0.923483,6759,99.0765,45.7983,20.6586,3427.3,215920,2885.29,489.074,7.76307,,,
8,"F8",15102,159,1.05284,14943,98.9472,38.9416,15.8941,2288.14,363815,6191.71,1014.81,6.38243,,,
8,"F9",15413,160,1.03808,15253,98.9619,33.6166,15.9497,1828.69,292590,5378.66,993.859,6.21162,,,
8,"F10",5156,32,0.620636,5124,99.3794,33.0536,15.211,1832.34,58635,1057.72,204.604,6.39387,,,
8,"F11",6547,55,0.840079,6492,99.1599,32.3243,17.8002,1778.96,97843,1777.83,339.697,6.17632,,,
8,"F12",10421,22,0.211112,10399,99.7889,35.9706,15.291,2300.32,50607,791.353,135.808,6.17307,,,
9,"F1",10743,45,0.418877,10698,99.5811,31.993,13.7295,997.6,44892,1439.68,166.635,3.703,,,
9,"F2",6008,144,2.3968,5864,97.6032,32.5213,13.298,1317.59,189733,4683.07,662.017,4.59734,,,
9,"F3",5527,65,1.17604,5462,98.824,34.4728,12.746,1686.49,109622,2240.73,342.435,5.26823,,,
9,"F4",4397,78,1.77394,4319,98.2261,37.6077,15.0339,1341.32,104623,2933.4,316.249,4.05448,,,
9,"F5",15266,456,2.98703,14810,97.013,39.4195,17.4357,2388.5,1089150,17975.3,2961.94,6.49548,,,
9,"F6",6172,172,2.78678,6000,97.2132,32.6606,13.7563,1766.41,303822,5617.63,1051.82,6.11526,,,
9,"F7",7610,203,2.66754,7407,97.3325,43.8089,20.7294,3334.25,676853,8893.21,1531.02,7.54196,,,
9,"F8",16089,342,2.12568,15747,97.8743,38.2882,15.864,2139.63,731753,13094.6,2120.67,6.20078,,,
9,"F9",16514,145,0.878043,16369,99.122,34.7944,15.8436,1833.04,265791,5045.19,880.666,6.07356,,,
9,"F10",5861,40,0.682477,5821,99.3175,34.2406,15.3484,1942.82,77713,1369.62,250.072,6.25179,,,
9,"F11",7359,23,0.312542,7336,99.6875,34.7384,17.7895,1808.78,41602,798.984,140.807,6.12203,,,
9,"F12",10300,20,0.194175,10280,99.8058,32.8434,15.3665,2173.95,43479,656.868,129.975,6.49876,,,
10,"F1",10708,44,0.410908,10664,99.5891,31.061,13.9182,850.818,37436,1366.68,145.687,3.31106,,,
10,"F2",6235,105,1.68404,6130,98.316,32.0894,13.3018,1118.81,117475,3369.39,429.442,4.08993,,,
10,"F3",6070,56,0.92257,6014,99.0774,34.7059,12.7225,2205.45,123505,1943.53,339.816,6.06815,,,
10,"F4",4715,71,1.50583,4644,98.4942,38.491,14.9205,1500.99,106570,2732.86,307.442,4.33016,,,
10,"F5",16167,310,1.91749,15857,98.0825,40.5128,17.1516,2596.58,804941,12559,2142.33,6.91075,,,
10,"F6",6988,165,2.36119,6823,97.6388,33.7428,13.7225,1969.24,324924,5567.57,1057.18,6.40715,,,
10,"F7",8289,167,2.01472,8122,97.9853,43.4411,20.6342,2747.25,458791,7254.66,1134.43,6.79298,,,
10,"F8",16884,362,2.14404,16522,97.856,37.8145,15.7698,2000.77,724279,13688.9,2133.29,5.89305,,,
10,"F9",17272,210,1.21584,17062,98.7842,33.3901,15.8196,1650.34,346572,7011.92,1216.08,5.79085,,,
10,"F10",6402,31,0.484224,6371,99.5158,31.6918,15.333,1585.65,49155,982.446,179.371,5.78615,,,
10,"F11",8078,26,0.321862,8052,99.6781,34.5641,17.7579,1766.15,45920,898.667,147.472,5.672,,,
10,"F12",10104,24,0.23753,10080,99.7625,31.5416,15.4187,2388.04,57313,756.998,161.755,6.73979,,,
11,"F1",10585,45,0.42513,10540,99.5749,30.3891,13.9233,929.044,41807,1367.51,169.254,3.76119,,,
11,"F2",6240,129,2.06731,6111,97.9327,32.3535,13.4417,1241.75,160186,4173.6,569.059,4.41131,,,
11,"F3",6308,116,1.83893,6192,98.1611,33.4164,12.8448,1501.56,174181,3876.3,551.205,4.75177,,,
11,"F4",5156,77,1.49341,5079,98.5066,39.376,14.7101,1706.44,131396,3031.95,357.908,4.64816,,,
11,"F5",17011,544,3.19793,16467,96.8021,38.3774,16.8935,2142.98,1165780,20877.3,3304.97,6.07531,,,
11,"F6",7708,130,1.68656,7578,98.3134,34.6426,13.6786,1783.15,231809,4503.54,752,5.78462,,,
11,"F7",8968,356,3.96967,8612,96.0303,41.9363,20.5932,2519.88,897078,14929.3,2300.63,6.46246,,,
11,"F8",17582,379,2.15561,17203,97.8444,38.2854,15.6652,2172.32,823309,14510.2,2331.82,6.15256,,,
11,"F9",17935,128,0.713688,17807,99.2863,33.6997,15.7015,1739.2,222617,4313.57,761.998,5.95311,,,
11,"F10",6925,28,0.404332,6897,99.5957,32.5492,15.3502,1615.57,45236,911.377,161.636,5.77271,,,
11,"F11",8673,40,0.461201,8633,99.5388,34.3469,17.6375,1693.75,67750,1373.88,234.36,5.85901,,,
11,"F12",10121,23,0.22725,10098,99.7728,31.3667,15.4549,2046.83,47077,721.434,141.878,6.1686,,,
12,"F1",10743,55,0.511961,10688,99.488,31.7443,14.0034,932.473,51286,1745.94,196.986,3.58157,,,
12,"F2",6361,128,2.01226,6233,97.9877,31.0894,13.4446,1126.26,144161,3979.44,539.778,4.21702,,,
12,"F3",6305,141,2.23632,6164,97.7637,32.4177,12.854,1358.69,191575,4570.9,669.159,4.74581,,,
12,"F4",5534,53,0.957716,5481,99.0423,35.5146,14.2662,1325.13,70232,1882.27,229.361,4.32757,,,
12,"F5",17755,227,1.27851,17528,98.7215,38.5909,15.9738,2257,512339,8760.13,1429.73,6.29836,,,
12,"F6",8003,82,1.02462,7921,98.9754,35.0655,13.6587,2119.02,173760,2875.37,545.849,6.65669,,,
12,"F7",9440,250,2.64831,9190,97.3517,41.9141,20.5476,2737.68,684421,10478.5,1698.37,6.79347,,,
12,"F8",18223,166,0.910937,18057,99.0891,38.8312,15.471,2437.61,404643,6445.98,1106.93,6.66827,,,
12,"F9",18523,246,1.32808,18277,98.6719,33.4614,15.7106,1563.35,384583,8231.49,1347.6,5.47805,,,
12,"F10",7383,37,0.501151,7346,99.4988,32.077,15.3323,1368.62,50639,1186.85,189.726,5.12773,,,
12,"F11",9211,66,0.716535,9145,99.2835,29.7415,17.4813,1381.41,91173,1962.94,362.669,5.49499,,,
12,"F12",10082,25,0.247967,10057,99.752,31.7819,15.4485,2071.04,51776,794.548,159.017,6.3607,,,
13,"F1",10749,46,0.427947,10703,99.5721,31.4267,14.0081,944.239,43435,1445.63,170.325,3.70271,,,
13,"F2",6463,100,1.54727,6363,98.4527,32.3089,13.4873,1184.86,118486,3230.9,427.3,4.273,,,
13,"F3",6538,100,1.52952,6438,98.4705,33.435,12.9068,1761.67,176167,3343.5,552.752,5.52752,,,
13,"F4",6002,61,1.01633,5941,98.9837,36.5007,13.8749,1465.97,89424,2226.54,265.426,4.35124,,,
13,"F5",18472,429,2.32243,18043,97.6776,35.987,15.5436,1800.89,772580,15438.4,2392.4,5.5767,,,
13,"F6",8164,150,1.83733,8014,98.1627,33.8582,13.7304,1857.61,278642,5078.73,926.253,6.17502,,,
13,"F7",9958,237,2.38,9721,97.62,43.1787,20.293,2957.12,700838,10233.4,1656.23,6.98832,,,
13,"F8",18739,127,0.677731,18612,99.3223,39.1917,15.3803,2387.75,303244,4977.35,786.874,6.19586,,,
13,"F9",18752,378,2.01578,18374,97.9842,32.7416,15.7242,1554.93,587764,12376.3,2100.08,5.55576,,,
13,"F10",7834,41,0.52336,7793,99.4766,32.3045,15.3482,1591.32,65244,1324.48,234.003,5.70739,,,
13,"F11",9721,43,0.442341,9678,99.5577,31.6033,17.4221,1596.05,68630,1358.94,254.475,5.91803,,,
13,"F12",9936,18,0.181159,9918,99.8188,32.8995,15.4526,2156.5,38817,592.191,108.075,6.00415,,,
14,"F1",10922,45,0.412012,10877,99.588,31.7697,14.0808,877.733,39498,1429.64,150.091,3.33535,,,
14,"F2",6434,140,2.17594,6294,97.8241,31.3958,13.592,1155.17,161724,4395.42,592.745,4.23389,,,
14,"F3",6575,115,1.74905,6460,98.2509,33.0355,13.0254,1551.8,178457,3799.08,581.437,5.05597,,,
14,"F4",6515,75,1.15119,6440,98.8488,35.9536,13.7342,1257.89,94342,2696.52,301.252,4.0167,,,
14,"F5",19050,183,0.96063,18867,99.0394,37.8113,15.379,1944.09,355769,6919.47,1056.7,5.77434,,,
14,"F6",8201,58,0.707231,8143,99.2928,33.234,13.5961,1664.03,96514,1927.57,327.795,5.65164,,,
14,"F7",10236,147,1.43611,10089,98.5639,44.3714,20.2237,3161.25,464704,6522.6,1100.74,7.48805,,,
14,"F8",19167,318,1.6591,18849,98.3409,37.3838,15.3939,1939.03,616611,11888,1787.76,5.62187,,,
14,"F9",19344,130,0.672043,19214,99.328,33.5859,15.5126,1685.32,219091,4366.17,750.81,5.77546,,,
14,"F10",8200,63,0.768293,8137,99.2317,32.9801,15.3605,1684.83,106144,2077.75,363.978,5.77744,,,
14,"F11",10216,74,0.724354,10142,99.2757,30.3723,17.4982,1548.72,114605,2247.55,425.038,5.74376,,,
14,"F12",9999,21,0.210021,9978,99.79,33.0874,15.4689,2326.14,48849,694.835,127.714,6.08161,,,
15,"F1",11056,36,0.325615,11020,99.6744,29.4837,14.0755,846.583,30477,1061.41,126.524,3.51454,,,
15,"F2",6488,112,1.72626,6376,98.2737,31.0311,13.6352,1085.54,121580,3475.48,465.15,4.15312,,,
15,"F3",6616,114,1.7231,6502,98.2769,33.1539,13.001,1621.96,184903,3779.54,597.982,5.24545,,,
15,"F4",6758,74,1.095,6684,98.905,36.2447,13.6861,1386.23,102581,2682.11,314.345,4.24791,,,
15,"F5",19395,183,0.943542,19212,99.0565,38.0745,15.446,2125.21,388913,6967.63,1141.69,6.23873,,,
15,"F6",8183,102,1.24649,8081,98.7535,33.9472,13.7665,1995.28,203519,3462.61,663.683,6.5067,,,
15,"F7",10536,98,0.930144,10438,99.0699,48.5703,20.205,3853.72,377665,4759.89,779.852,7.95767,,,
15,"F8",19419,291,1.49853,19128,98.5015,37.2374,15.2813,1823.8,530727,10836.1,1585.41,5.44815,,,
15,"F9",19763,110,0.556596,19653,99.4434,33.1593,15.3253,1608.73,176960,3647.52,625.595,5.68723,,,
15,"F10",8500,66,0.776471,8434,99.2235,31.6292,15.3874,1515.05,99993,2087.52,360.646,5.46433,,,
15,"F11",10502,34,0.323748,10468,99.6763,29.6651,17.4117,1442.5,49045,1008.61,198.653,5.84273,,,
15,"F12",9915,19,0.191629,9896,99.8084,30.361,15.4098,1320.32,25086,576.86,100.933,5.31227,,,
16,"F1",11124,28,0.251708,11096,99.7483,32.5915,14.09,911.464,25521,912.562,97.8386,3.49423,,,
16,"F2",6496,93,1.43165,6403,98.5684,32.1858,13.6673,1424.57,132485,2993.28,431.466,4.63942,,,
16,"F3",6677,102,1.52763,6575,98.4724,34.1752,13.0181,1710.34,174455,3485.87,534.898,5.2441,,,
16,"F4",7065,53,0.750177,7012,99.2498,38.028,13.7433,1562.57,82816,2015.48,245.191,4.62625,,,
16,"F5",19445,170,0.874261,19275,99.1257,37.1687,15.5108,1973.81,335547,6318.68,1021,6.00586,,,
16,"F6",8213,99,1.20541,8114,98.7946,35.3909,13.7797,2160.12,213852,3503.7,667.254,6.73994,,,
16,"F7",10542,173,1.64105,10369,98.3589,43.6659,20.2107,3259.25,563851,7554.2,1300.47,7.51715,,,
16,"F8",19702,216,1.09634,19486,98.9037,37.5633,15.0832,2075.13,448228,8113.67,1285.83,5.9529,,,
16,"F9",19930,116,0.582037,19814,99.418,33.5065,15.0983,1578.47,183102,3886.75,636.07,5.48336,,,
16,"F10",8763,36,0.410818,8727,99.5892,29.3192,15.3914,1583.03,56989,1055.49,230.194,6.39429,,,
16,"F11",10822,26,0.240251,10796,99.7598,30.4038,17.3835,1264.77,32884,790.498,131.523,5.05856,,,
16,"F12",9878,11,0.111359,9867,99.8886,32.3778,15.4956,1278,14058,356.156,53.7993,4.89085,,,
17,"F1",11253,31,0.275482,11222,99.7245,31.2973,14.1674,1013.16,31408,970.216,120.929,3.90095,,,
17,"F2",6434,125,1.9428,6309,98.0572,32.7556,13.7124,1408.96,176120,4094.45,578.104,4.62484,,,
17,"F3",6686,73,1.09183,6613,98.9082,34.1544,13.0472,1848.38,134932,2493.27,406.589,5.56972,,,
17,"F4",7127,49,0.687526,7078,99.3125,37.5277,13.824,1223.35,59944,1838.86,186.512,3.80637,,,
17,"F5",19699,149,0.756384,19550,99.2436,38.4524,15.5382,2065.87,307815,5729.41,898.877,6.03273,,,
17,"F6",8212,96,1.16902,8116,98.831,34.4849,13.8322,1903.93,182777,3310.55,600.362,6.25377,,,
17,"F7",10606,179,1.68772,10427,98.3123,43.3515,20.3107,3198.94,572610,7759.91,1328.68,7.42277,,,
17,"F8",19726,73,0.37007,19653,99.6299,38.3816,14.888,2243.18,163752,2801.86,451.462,6.18441,,,
17,"F9",20033,153,0.76374,19880,99.2363,32.5387,14.805,1537.42,235225,4978.42,865.788,5.65874,,,
17,"F10",8906,78,0.875814,8828,99.1242,30.4839,15.5078,1563.54,121956,2377.74,467.054,5.98787,,,
17,"F11",11049,78,0.705946,10971,99.2941,30.3744,17.5183,1358.21,105940,2369.21,409.446,5.24931,,,
17,"F12",9876,25,0.253139,9851,99.7469,35.9912,15.4986,2338.28,58457,899.781,161.636,6.46544,,,
18,"F1",11415,33,0.289093,11382,99.7109,31.1058,14.1619,842.121,27790,1026.49,110.336,3.34352,,,
18,"F2",6500,129,1.98462,6371,98.0154,30.9055,13.7228,1080.21,139347,3986.81,531.209,4.1179,,,
18,"F3",6722,64,0.952098,6658,99.0479,34.7833,13.1188,1714.48,109727,2226.13,327.914,5.12365,,,
18,"F4",7301,49,0.671141,7252,99.3289,36.8035,13.894,1424.35,69793,1803.37,211.745,4.32134,,,
18,"F5",19798,146,0.737448,19652,99.2626,38.2531,15.5573,1986.86,290082,5584.95,874.239,5.98794,,,
18,"F6",8199,37,0.451275,8162,99.5487,35.8936,13.7369,2128.32,78748,1328.06,242.573,6.55603,,,
18,"F7",10740,134,1.24767,10606,98.7523,44.8638,20.2238,3195.69,428223,6011.74,981.48,7.32448,,,
18,"F8",20165,104,0.515745,20061,99.4843,37.967,14.5521,2235.85,232528,3948.57,648.091,6.23165,,,
18,"F9",20280,108,0.532544,20172,99.4675,32.0002,14.5836,1541.7,166504,3456.02,601.552,5.56993,,,
18,"F10",9009,55,0.610501,8954,99.3895,33.132,15.4863,1806,99330,1822.26,333.032,6.05513,,,
18,"F11",11120,69,0.620504,11051,99.3795,29.7873,17.4953,1360.84,93898,2055.32,376.833,5.46135,,,
18,"F12",9903,15,0.151469,9888,99.8485,32.7888,15.4736,1272.27,19084,491.832,69.3916,4.6261,,,
19,"F1",11484,36,0.31348,11448,99.6865,31.8384,14.1811,840.333,30252,1146.18,116.406,3.23351,,,
19,"F2",6483,137,2.11322,6346,97.8868,31.1102,13.8384,1121.91,153702,4262.1,581.437,4.24407,,,
19,"F3",6691,112,1.67389,6579,98.3261,32.7089,13.1924,1507.93,168888,3663.4,556.204,4.96611,,,
19,"F4",7628,51,0.668589,7577,99.3314,37.0258,13.919,1623.92,82820,1888.32,249,4.88236,,,
19,"F5",19973,239,1.19662,19734,98.8034,37.0868,15.5928,1877.17,448644,8863.76,1369.5,5.73013,,,
19,"F6",8207,146,1.77897,8061,98.221,34.5219,13.9214,1867.16,272605,5040.19,884.356,6.05723,,,
19,"F7",10813,108,0.998798,10705,99.0012,46.3334,20.1482,3764.12,406525,5004.01,853.528,7.90304,,,
19,"F8",20369,120,0.589131,20249,99.4109,35.5021,14.1763,1886.43,226371,4260.25,696.058,5.80049,,,
19,"F9",20336,79,0.388474,20257,99.6115,32.0117,14.5373,1443.72,114054,2528.92,420.753,5.32599,,,
19,"F10",9013,140,1.55331,8873,98.4467,31.8054,15.5143,1526.1,213654,4452.76,762.117,5.44369,,,
19,"F11",11176,31,0.27738,11145,99.7226,31.3701,17.5084,1652.77,51236,972.472,183.775,5.92821,,,
19,"F12",9802,12,0.122424,9790,99.8776,28.5585,15.5226,1354.67,16256,342.702,71.0579,5.92149,,,
20,"F1",11812,31,0.262445,11781,99.7376,31.1791,14.1877,848.355,26299,966.553,102.838,3.31734,,,
20,"F2",6596,115,1.74348,6481,98.2565,30.857,13.8411,1209.04,139040,3548.56,509.308,4.42876,,,
20,"F3",6774,59,0.870977,6715,99.129,35.8716,13.198,1956.76,115449,2116.42,331.247,5.61435,,,
20,"F4",4929,97,1.96794,4832,98.0321,37.5614,14.1586,1275.97,123769,3643.45,390.283,4.02354,,,
20,"F5",20106,305,1.51696,19801,98.483,36.7588,15.6328,1895.71,578192,11211.4,1752.52,5.74598,,,
20,"F6",8227,49,0.5956,8178,99.4044,36.2353,13.8476,1907.06,93446,1775.53,297.205,6.06542,,,
20,"F7",10813,313,2.89466,10500,97.1053,42.2909,20.273,2723.82,852556,13237,2072.58,6.62167,,,
20,"F8",20433,83,0.406206,20350,99.5938,36.6374,14.0444,2217.29,184035,3040.91,510.26,6.14771,,,
20,"F9",20475,73,0.356532,20402,99.6435,31.3796,14.5877,1355.1,98922,2290.71,372.905,5.10829,,,
20,"F10",9081,119,1.31043,8962,98.6896,32.6108,15.5743,1652.48,196645,3880.69,692.845,5.82222,,,
20,"F11",11147,32,0.287073,11115,99.7129,28.705,17.5613,1171.91,37501,918.559,155.685,4.86515,,,
20,"F12",9830,16,0.162767,9814,99.8372,31.7796,15.5583,2230.38,35686,508.474,109.503,6.84394,,,
21,"F1",12007,29,0.241526,11978,99.7585,31.5243,14.2178,971.103,28162,914.204,105.932,3.65284,,,
21,"F2",6601,81,1.22709,6520,98.7729,32.155,13.8603,1372.33,111159,2604.55,376.833,4.65226,,,
21,"F3",6749,82,1.21499,6667,98.785,34.2036,13.2388,1797.66,147408,2804.69,450.034,5.48821,,,
21,"F4",8206,66,0.80429,8140,99.1957,37.6116,14.0742,1462.95,96555,2482.36,290.064,4.39491,,,
21,"F5",20171,299,1.48233,19872,98.5177,36.409,15.6148,1793.15,536151,10886.3,1663.14,5.56233,,,
21,"F6",8144,360,4.42043,7784,95.5796,31.8869,14.082,1676.87,603673,11479.3,2127.93,5.91091,,,
21,"F7",10801,112,1.03694,10689,98.9631,45.1956,20.2638,3352.75,375508,5061.91,849.839,7.58784,,,
21,"F8",20481,148,0.722621,20333,99.2774,34.6896,14.1055,1632.99,241682,5134.06,754.261,5.09636,,,
21,"F9",20450,77,0.376528,20373,99.6235,32.2599,14.6499,1450.21,111666,2484.02,401.114,5.20928,,,
21,"F10",9087,48,0.528227,9039,99.4718,33.6133,15.5957,1657.83,79576,1613.44,270.901,5.64377,,,
21,"F11",11236,68,0.605198,11168,99.3948,30.9098,17.6779,1333.16,90655,2101.87,342.435,5.03581,,,
21,"F12",9865,20,0.202737,9845,99.7973,34.195,15.5537,2047.85,40957,683.899,122.358,6.11789,,,
22,"F1",12189,27,0.221511,12162,99.7785,31.9466,14.2656,857.074,23141,862.557,85.9361,3.18282,,,
22,"F2",6603,70,1.06012,6533,98.9399,32.0902,13.902,1397.69,97838,2246.31,327.795,4.68278,,,
22,"F3",6770,94,1.38848,6676,98.6115,32.9815,13.2571,1552.81,145964,3100.26,473.6,5.0383,,,
22,"F4",8807,89,1.01056,8718,98.9894,36.2314,14.1319,1270.24,113051,3224.59,359.932,4.04418,,,
22,"F5",20214,161,0.796478,20053,99.2035,38.3942,15.583,2133.18,343442,6181.46,1007.55,6.25805,,,
22,"F6",8254,196,2.37461,8058,97.6254,33.5229,14.0302,1763.3,345606,6570.48,1158.71,5.91178,,,
22,"F7",10846,177,1.63194,10669,98.3681,44.0261,20.2071,2907.28,514589,7792.61,1203.1,6.7972,,,
22,"F8",20213,42,0.207787,20171,99.7922,39.2046,14.108,2540.76,106712,1646.59,281.494,6.70224,,,
22,"F9",20324,203,0.998819,20121,99.0012,32.4618,14.7393,1452.3,294816,6589.74,1067.54,5.25879,,,
22,"F10",9153,79,0.863105,9074,99.1369,31.1762,15.6042,1565.11,123644,2462.92,457.532,5.79155,,,
22,"F11",11166,32,0.286584,11134,99.7134,32.589,17.6474,1406.06,44994,1042.85,164.731,5.14783,,,
22,"F12",9773,12,0.122787,9761,99.8772,27.7815,15.5388,1238.58,14863,333.378,65.9398,5.49499,,,
23,"F1",12286,27,0.219762,12259,99.7802,31.3532,14.2372,1020.11,27543,846.536,100.814,3.73386,,,
23,"F2",6660,62,0.930931,6598,99.0691,31.4723,13.8211,1276.82,79163,1951.29,277.09,4.4692,,,
23,"F3",6680,145,2.17066,6535,97.8293,32.9677,13.3562,1505.86,218350,4780.32,732.123,5.04912,,,
23,"F4",8998,82,0.911314,8916,99.0887,36.419,14.1598,1313.6,107715,2986.36,334.103,4.07443,,,
23,"F5",20246,289,1.42744,19957,98.5726,36.0933,15.6428,1832.49,529589,10431,1668.85,5.77457,,,
23,"F6",8249,111,1.34562,8138,98.6544,31.9123,13.9326,1555.96,172712,3542.27,621.549,5.59954,,,
23,"F7",10898,172,1.57827,10726,98.4217,44.7603,20.0687,3145.55,541034,7698.78,1231.19,7.15811,,,
23,"F8",20459,110,0.537661,20349,99.4623,35.9462,14.1938,1950.64,214570,3954.08,627.262,5.70238,,,
23,"F9",20664,65,0.314557,20599,99.6854,31.2599,14.6905,1536.38,99865,2031.89,364.336,5.60516,,,
23,"F10",9207,47,0.510481,9160,99.4895,30.3186,15.6006,1419.85,66733,1424.97,265.664,5.65242,,,
23,"F11",11210,43,0.383586,11167,99.6164,33.7426,17.6681,1743.58,74974,1450.93,257.213,5.9817,,,
23,"F12",9720,12,0.123457,9708,99.8765,32.0764,15.5811,1486.58,17839,384.917,67.7252,5.64377,,,
24,"F1",12492,25,0.200128,12467,99.7999,32.2312,14.2449,1027.08,25677,805.779,95.339,3.81356,,,
24,"F2",6751,79,1.1702,6672,98.8298,30.4078,13.8506,1192.81,94232,2402.22,345.411,4.37229,,,
24,"F3",6829,50,0.732172,6779,99.2678,34.3822,13.2259,1880.86,94043,1719.11,280.304,5.60608,,,
24,"F4",8691,30,0.345185,8661,99.6548,37.1951,14.1421,1641.5,49245,1115.85,147.591,4.9197,,,
24,"F5",20250,133,0.65679,20117,99.3432,37.3978,15.5705,1904.06,253240,4973.91,749.143,5.63266,,,
24,"F6",8306,30,0.361185,8276,99.6388,35.3887,13.8706,1969.2,59076,1061.66,189.964,6.33213,,,
24,"F7",10949,492,4.49356,10457,95.5064,40.8295,20.2455,2328.1,1145430,20088.1,3049.78,6.19873,,,
24,"F8",20436,118,0.577412,20318,99.4226,34.1764,14.1984,1588.59,187454,4032.82,617.264,5.23105,,,
24,"F9",20609,110,0.533747,20499,99.4663,32.3802,14.7687,1466.41,161305,3561.82,590.721,5.37019,,,
24,"F10",9205,54,0.586638,9151,99.4134,31.4381,15.6463,1548.8,83635,1697.66,311.25,5.7639,,,
24,"F11",11291,45,0.398548,11246,99.6015,30.2425,17.7433,1411.67,63525,1360.91,242.811,5.3958,,,
24,"F12",9802,15,0.15303,9787,99.847,27.9837,15.4983,1137.13,17057,419.755,74.5097,4.96731,,,
25,"F1",12583,31,0.246364,12552,99.7536,29.98,14.2796,883.355,27384,929.379,110.812,3.57459,,,
25,"F2",6626,171,2.58074,6455,97.4193,31.0333,13.9074,1252.75,214220,5306.69,777.471,4.54662,,,
25,"F3",6686,149,2.22854,6537,97.7715,32.7414,13.3458,1462.51,217914,4878.48,732.718,4.91757,,,
25,"F4",9641,71,0.736438,9570,99.2636,36.1105,14.1955,1196.01,84917,2563.85,274.829,3.87083,,,
25,"F5",20173,136,0.674168,20037,99.3258,36.478,15.5629,1947.19,264818,4961.01,807.466,5.93725,,,
25,"F6",8405,105,1.24926,8300,98.7507,34.5454,14.013,1880.96,197501,3627.27,645.473,6.14736,,,
25,"F7",11037,285,2.58222,10752,97.4178,39.8267,20.0748,2308.7,657979,11350.6,1780.73,6.24819,,,
25,"F8",20576,140,0.680404,20436,99.3196,34.246,14.2545,1704.56,238638,4794.45,769.259,5.4947,,,
25,"F9",20487,136,0.663836,20351,99.3362,31.6548,14.7882,1439.36,195753,4305.06,720.458,5.29749,,,
25,"F10",9232,74,0.80156,9158,99.1984,31.9433,15.696,1639.66,121335,2363.8,431.942,5.83705,,,
25,"F11",11337,28,0.246979,11309,99.753,31.6893,17.6786,1623.89,45469,887.3,161.398,5.76421,,,
25,"F12",9693,15,0.154751,9678,99.8452,33.7217,15.5847,1748.33,26225,505.825,93.0776,6.20517,,,
26,"F1",12776,25,0.195679,12751,99.8043,31.724,14.2704,1016.24,25406,793.099,93.9107,3.75643,,,
26,"F2",6832,87,1.27342,6745,98.7266,30.9681,13.8959,1266.32,110170,2694.22,408.256,4.6926,,,
26,"F3",6875,54,0.785455,6821,99.2145,35.2436,13.3301,1818.35,98191,1903.16,294.587,5.45531,,,
26,"F4",9811,59,0.601366,9752,99.3986,37.5558,14.2309,1481.29,87396,2215.79,264.831,4.48865,,,
26,"F5",20041,91,0.454069,19950,99.5459,37.5322,15.5702,2146.31,195314,3415.43,590.84,6.49275,,,
26,"F6",8402,71,0.845037,8331,99.155,35.5453,13.9846,2014.76,143048,2523.72,446.82,6.29324,,,
26,"F7",11116,178,1.6013,10938,98.3987,42.6355,20.0446,2747.43,489042,7589.12,1206.2,6.7764,,,
26,"F8",20562,117,0.569011,20445,99.431,34.7947,14.3135,1657.75,193957,4070.98,610.717,5.21981,,,
26,"F9",20699,82,0.396154,20617,99.6038,31.9942,14.7872,1427.67,117069,2623.52,441.226,5.3808,,,
26,"F10",9206,35,0.380187,9171,99.6198,35.1555,15.7408,1814.8,63518,1230.44,214.126,6.11789,,,
26,"F11",11407,51,0.447094,11356,99.5529,31.5285,17.7602,1543.55,78721,1607.95,285.898,5.60584,,,
26,"F12",9660,13,0.134576,9647,99.8654,28.5474,15.6262,1369.62,17805,371.117,78.7945,6.06112,,,
27,"F1",12829,33,0.25723,12796,99.7428,29.9301,14.3077,981.212,32380,987.693,128.19,3.88454,,,
27,"F2",6956,113,1.6245,6843,98.3755,32.6067,13.9697,1340.43,151469,3684.55,514.545,4.5535,,,
27,"F3",6941,56,0.8068,6885,99.1932,33.1144,13.2978,1755.84,98327,1854.41,296.61,5.29661,,,
27,"F4",10007,69,0.689517,9938,99.3105,35.8838,14.2315,1351.2,93233,2475.99,287.802,4.17105,,,
27,"F5",20073,132,0.6576,19941,99.3424,37.8839,15.6136,2067.05,272851,5000.67,805.561,6.10274,,,
27,"F6",8344,100,1.19847,8244,98.8015,33.6601,14.0458,1794.24,179424,3366.01,601.552,6.01552,,,
27,"F7",10934,803,7.34406,10131,92.6559,40.4386,20.3147,2252.96,1809120,32472.2,4885.14,6.08362,,,
27,"F8",20461,84,0.410537,20377,99.5895,34.5608,14.3151,1934.64,162510,2903.11,490.502,5.83931,,,
27,"F9",20801,96,0.461516,20705,99.5385,32.5081,14.8195,1501.54,144148,3120.78,522.282,5.44043,,,
27,"F10",9204,44,0.478053,9160,99.5219,34.7304,15.7281,1776.09,78148,1528.14,251.976,5.72673,,,
27,"F11",11402,57,0.499912,11345,99.5001,31.2549,17.7001,1494.95,85212,1781.53,305.18,5.35404,,,
27,"F12",9684,11,0.113589,9673,99.8864,33.943,15.6676,3191.91,35111,373.373,82.8414,7.53104,,,
28,"F1",13003,28,0.215335,12975,99.7847,31.6616,14.3403,1059.5,29666,886.525,107.599,3.84281,,,
28,"F2",7084,102,1.43986,6982,98.5601,31.9751,13.9791,1423,145146,3261.46,503.357,4.93487,,,
28,"F3",6986,64,0.916118,6922,99.0839,33.8208,13.3279,1937.13,123976,2164.53,363.74,5.68344,,,
28,"F4",10508,79,0.751808,10429,99.2482,37.1497,14.2797,1505.94,118969,2934.83,355.171,4.49583,,,
28,"F5",20051,221,1.10219,19830,98.8978,36.4607,15.6199,1878.36,415117,8057.82,1287.26,5.82469,,,
28,"F6",8385,59,0.703637,8326,99.2964,34.6838,13.948,1901.49,112188,2046.35,367.787,6.23368,,,
28,"F7",11180,234,2.09302,10946,97.907,41.7291,20.0466,2739.85,641124,9764.6,1586.84,6.78137,,,
28,"F8",20613,134,0.650075,20479,99.3499,36.2235,14.3865,1745.57,233906,4853.95,728.433,5.43607,,,
28,"F9",20744,103,0.496529,20641,99.5035,32.4958,14.8352,1558.98,160575,3347.07,578.223,5.61382,,,
28,"F10",9210,46,0.499457,9164,99.5005,34.1107,15.7799,1800.37,82817,1569.09,269.711,5.86328,,,
28,"F11",11500,35,0.304348,11465,99.6957,30.6656,17.7109,1602.09,56073,1073.3,209.008,5.97165,,,
28,"F12",9663,11,0.113836,9652,99.8862,28.6059,15.6926,1438.91,15828,314.665,73.9145,6.7195,,,
29,"F1",13024,29,0.222666,12995,99.7773,29.1091,14.3197,1025.31,29734,844.163,121.525,4.1905,,,
29,"F2",7249,67,0.924265,7182,99.0757,32.6269,13.9383,1431.45,95907,2186,330.056,4.92621,,,
29,"F3",7042,104,1.47685,6938,98.5231,33.4351,13.4084,1548.76,161071,3477.25,523.948,5.03796,,,
29,"F4",10709,57,0.532263,10652,99.4677,36.9585,14.2492,1492.25,85058,2106.63,255.071,4.47492,,,
29,"F5",20190,307,1.52055,19883,98.4794,35.8411,15.6883,1797.84,551938,11003.2,1727.29,5.62635,,,
29,"F6",8424,89,1.05651,8335,98.9435,34.5893,14.0691,1845.85,164281,3078.45,527.519,5.92718,,,
29,"F7",11214,310,2.7644,10904,97.2356,40.7128,20.0967,2428.54,752848,12621,1943.8,6.27031,,,
29,"F8",20519,104,0.506847,20415,99.4931,36.6555,14.3756,1903.13,197925,3812.17,567.868,5.46027,,,
29,"F9",20683,90,0.43514,20593,99.5649,32.0425,14.853,1577.62,141986,2883.83,505.499,5.61666,,,
29,"F10",9231,225,2.43744,9006,97.5626,31.2894,15.8266,1487.61,334713,7040.12,1224.65,5.44288,,,
29,"F11",11445,25,0.218436,11420,99.7816,31.5936,17.6862,2030.48,50762,789.841,175.562,7.02248,,,
29,"F12",9703,18,0.18551,9685,99.8145,32.8647,15.6921,1462.06,26317,591.565,94.3868,5.24371,,,
30,"F1",13140,41,0.312024,13099,99.688,30.3478,14.3764,1003.41,41140,1244.26,160.089,3.9046,,,
30,"F2",7094,181,2.55145,6913,97.4485,31.1273,14.0432,1265.1,228984,5634.03,819.963,4.53018,,,
30,"F3",7129,90,1.26245,7039,98.7375,33.2085,13.4503,1482.92,133463,2988.77,436.227,4.84696,,,
30,"F4",11160,54,0.483871,11106,99.5161,36.0893,14.2091,1410.28,76155,1948.82,239.359,4.43258,,,
30,"F5",19928,542,2.71979,19386,97.2802,35.0005,15.7138,1650.54,894593,18970.3,2913.02,5.37457,,,
30,"F6",8409,121,1.43893,8288,98.5611,34.4729,14.0541,1748.19,211531,4171.23,682.489,5.64041,,,
30,"F7",11283,212,1.87893,11071,98.1211,42.2699,20.0259,2682.84,568763,8961.22,1414.49,6.67214,,,
30,"F8",20476,190,0.927916,20286,99.0721,34.3654,14.424,1660.74,315541,6529.43,1051.7,5.53529,,,
30,"F9",20656,114,0.551898,20542,99.4481,32.3304,14.8298,1492.98,170200,3685.67,620.477,5.44278,,,
30,"F10",9299,48,0.516185,9251,99.4838,32.9003,15.7465,1597.67,76688,1579.21,268.758,5.59913,,,
30,"F11",11621,81,0.697014,11540,99.303,31.0937,17.7752,1408.84,114116,2518.59,424.205,5.2371,,,
30,"F12",9701,9,0.0927739,9692,99.9072,30.1348,15.6203,1275.22,11477,271.213,47.2529,5.25033,,,
31,"F1",13352,33,0.247154,13319,99.7528,31.4543,14.3261,996.939,32899,1037.99,127.119,3.85208,,,
31,"F2",7416,116,1.56419,7300,98.4358,32.5218,14.092,1464.51,169883,3772.52,550.491,4.74561,,,
31,"F3",7225,48,0.66436,7177,99.3356,34.2321,13.406,1945.33,93376,1643.14,280.304,5.83966,,,
31,"F4",11193,54,0.482444,11139,99.5176,36.9464,14.2342,1424.98,76949,1995.11,234.003,4.33339,,,
31,"F5",20188,160,0.79255,20028,99.2075,36.9247,15.5939,1971.61,315458,5907.95,961.008,6.0063,,,
31,"F6",8568,186,2.17087,8382,97.8291,32.8364,14.1698,1598.58,297336,6107.58,1027.07,5.52186,,,
31,"F7",11299,189,1.67271,11110,98.3273,42.8809,20.0466,2838.87,536547,8104.48,1306.42,6.91227,,,
31,"F8",20590,137,0.665372,20453,99.3346,34.4665,14.4049,1775.58,243254,4721.92,776.043,5.66455,,,
31,"F9",20597,114,0.553479,20483,99.4465,31.7226,14.8322,1430.46,163073,3616.38,607.861,5.33211,,,
31,"F10",1261,0,0,1261,100,0,15.4539,0,0,0,0,0,,,
31,"F11",11594,40,0.345006,11554,99.655,31.9008,17.8122,1711.53,68461,1276.03,239.24,5.98101,,,
31,"F12",9792,10,0.102124,9782,99.8979,39.851,15.6201,3261,32610,398.51,79.9848,7.99848,,,
32,"F1",13397,36,0.268717,13361,99.7313,30.556,14.3703,1108.44,39904,1100.02,150.924,4.19233,,,
32,"F2",7564,91,1.20307,7473,98.7969,30.8785,13.9788,1215.07,110571,2809.94,401.471,4.41177,,,
32,"F3",7299,47,0.643924,7252,99.3561,34.7272,13.4023,1837.26,86351,1632.18,260.546,5.54353,,,
32,"F4",11977,102,0.851632,11875,99.1484,36.9964,14.3039,1484.9,151460,3773.63,451.224,4.42376,,,
32,"F5",20300,212,1.04433,20088,98.9557,36.6456,15.6659,1883.34,399268,7768.88,1230.72,5.80528,,,
32,"F6",8591,80,0.931207,8511,99.0688,34.7318,14.13,1753.19,140255,2778.54,464.198,5.80247,,,
32,"F7",11314,342,3.0228,10972,96.9772,39.7801,20.0518,2338.15,799648,13604.8,2146.5,6.27631,,,
32,"F8",20497,176,0.858662,20321,99.1413,35.1419,14.4725,1598.88,281403,6184.97,879.357,4.99635,,,
32,"F9",20634,90,0.436173,20544,99.5638,31.8125,14.8553,1406.2,126558,2863.12,468.839,5.20933,,,
32,"F10",9352,48,0.513259,9304,99.4867,32.831,15.8053,1903.06,91347,1575.89,305.656,6.36784,,,
32,"F11",11625,27,0.232258,11598,99.7677,32.5103,17.779,1732.52,46778,877.778,163.421,6.05264,,,
32,"F12",9778,9,0.0920434,9769,99.908,31.0551,15.6609,1391.33,12522,279.495,52.7281,5.85868,,,
33,"F1",13456,31,0.23038,13425,99.7696,31.2148,14.3892,932.677,28913,967.658,110.336,3.55923,,,
33,"F2",7641,111,1.45269,7530,98.5473,30.7415,14.0427,1244.6,138151,3412.31,505.499,4.55405,,,
33,"F3",7326,71,0.969151,7255,99.0308,34.0239,13.4302,1811.52,128618,2415.7,389.688,5.48856,,,
33,"F4",12293,119,0.968031,12174,99.032,35.2472,14.3277,1246.46,148329,4194.41,478.719,4.02284,,,
33,"F5",20294,140,0.689859,20154,99.3101,36.0486,15.61,1934.84,270878,5046.8,851.267,6.08048,,,
33,"F6",8578,57,0.664491,8521,99.3355,34.8137,14.0334,1805.82,102932,1984.38,335.293,5.88234,,,
33,"F7",10919,946,8.6638,9973,91.3362,40.1828,20.3851,2267.68,2145230,38012.9,5836.99,6.17018,,,
33,"F8",20446,207,1.01242,20239,98.9876,34.9365,14.5109,1708.98,353759,7231.86,1120.5,5.41305,,,
33,"F9",20593,96,0.466178,20497,99.5338,33.2014,14.8915,1480.6,142138,3187.34,505.38,5.26438,,,
33,"F10",9426,29,0.30766,9397,99.6923,34.8377,15.83,2017.38,58504,1010.29,185.798,6.40683,,,
33,"F11",11633,44,0.378234,11589,99.6218,32.1596,17.7983,1651.45,72664,1415.02,259.713,5.90256,,,
33,"F12",9804,13,0.132599,9791,99.8674,32.6695,15.6337,1598,20774,424.703,74.5097,5.73151,,,
34,"F1",13559,29,0.21388,13530,99.7861,30.4238,14.3774,1072.83,31112,882.29,121.763,4.19871,,,
34,"F2",7766,71,0.914242,7695,99.0858,30.631,14.0197,1254.32,89057,2174.8,324.819,4.57492,,,
34,"F3",7391,51,0.690028,7340,99.31,35.4618,13.4754,1812.88,92457,1808.55,271.615,5.32579,,,
34,"F4",12212,58,0.474943,12154,99.5251,34.6956,14.2953,1377.21,79878,2012.34,264.593,4.56194,,,
34,"F5",20328,216,1.06257,20112,98.9374,36.008,15.6234,1869.78,403873,7777.72,1262.86,5.84655,,,
34,"F6",8614,49,0.568841,8565,99.4312,36.9595,14.0966,2286.76,112051,1811.01,331.961,6.77471,,,
34,"F7",11476,201,1.75148,11275,98.2485,42.2397,19.9588,2504.01,503306,8490.17,1270.71,6.32194,,,
34,"F8",20362,270,1.326,20092,98.674,35.1589,14.5408,1614.94,436034,9492.9,1386.88,5.13659,,,
34,"F9",20665,98,0.474232,20567,99.5258,30.681,14.8671,1413.86,138558,3006.74,529.304,5.40106,,,
34,"F10",9470,56,0.591341,9414,99.4087,32.5589,15.8162,1719.64,96300,1823.3,334.222,5.96825,,,
34,"F11",11772,77,0.654094,11695,99.3459,30.3077,17.7915,1455.78,112095,2333.7,434.203,5.639,,,
34,"F12",9802,12,0.122424,9790,99.8776,30.4496,15.6683,1753.92,21047,365.395,79.8658,6.65548,,,
35,"F1",13682,33,0.241193,13649,99.7588,31.1655,14.3943,967.182,31917,1028.46,122.239,3.7042,,,
35,"F2",7829,134,1.71159,7695,98.2884,30.7198,14.0154,1297.03,173802,4116.45,639.045,4.76899,,,
35,"F3",7509,55,0.732454,7454,99.2675,34.4068,13.4383,1635.31,89942,1892.37,270.544,4.91898,,,
35,"F4",13023,106,0.813945,12917,99.1861,35.1831,14.3183,1305.45,138378,3729.41,447.058,4.21753,,,
35,"F5",20341,103,0.506366,20238,99.4936,38.5157,15.6097,2138.81,220297,3967.12,643.449,6.24708,,,
35,"F6",8653,210,2.4269,8443,97.5731,33.0952,14.2457,1572.98,330325,6950,1136.45,5.41167,,,
35,"F7",11545,235,2.03551,11310,97.9645,41.1936,20.0713,2425.49,569990,9680.51,1474.84,6.27591,,,
35,"F8",20254,281,1.38738,19973,98.6126,34.6044,14.5382,1569.35,440986,9723.83,1455.79,5.18076,,,
35,"F9",20549,88,0.428245,20461,99.5718,32.2601,14.8778,1469.63,129327,2838.89,466.102,5.29661,,,
35,"F10",9493,44,0.463499,9449,99.5365,33.3728,15.8502,1908.43,83971,1468.4,281.256,6.39218,,,
35,"F11",11792,50,0.424016,11742,99.576,31.1476,17.8364,1524.64,76232,1557.38,287.564,5.75129,,,
35,"F12",9803,11,0.112211,9792,99.8878,28.4211,15.6962,1214.73,13362,312.632,58.5603,5.32366,,,
36,"F1",13882,27,0.194496,13855,99.8055,31.3589,14.4013,961.852,25970,846.69,99.981,3.703,,,
36,"F2",7952,81,1.01861,7871,98.9814,31.8056,14.0588,1503.49,121783,2576.26,392.068,4.84035,,,
36,"F3",7610,63,0.827858,7547,99.1721,33.3213,13.4501,1626.44,102466,2099.24,317.797,5.04439,,,
36,"F4",13306,101,0.759056,13205,99.2409,34.6031,14.3209,1313.05,132618,3494.92,435.155,4.30847,,,
36,"F5",20510,253,1.23354,20257,98.7665,35.928,15.6892,1734.16,438742,9089.78,1392.95,5.50573,,,
36,"F6",8670,154,1.77624,8516,98.2238,33.4981,14.2579,1701.63,262051,5158.71,893.997,5.80517,,,
36,"F7",11587,186,1.60525,11401,98.3948,40.4428,20.0292,2334.42,434202,7522.36,1158.59,6.22897,,,
36,"F8",20380,117,0.574092,20263,99.4259,35.9464,14.492,1717.54,200952,4205.72,616.788,5.27169,,,
36,"F9",20663,57,0.275855,20606,99.7241,31.3439,14.8736,1355.02,77236,1786.6,294.587,5.16819,,,
36,"F10",9463,39,0.412131,9424,99.5879,35.4271,15.8734,2106.51,82154,1381.66,253.523,6.5006,,,
36,"F11",11797,28,0.237348,11769,99.7627,32.7122,17.7763,1963.14,54968,915.942,187.345,6.69091,,,
36,"F12",9849,14,0.142146,9835,99.8579,33.5132,15.7296,2348.07,32873,469.185,94.8629,6.77592,,,
37,"F1",13927,26,0.186688,13901,99.8133,30.3699,14.4145,1061.46,27598,789.617,109.027,4.19334,,,
37,"F2",8043,62,0.770857,7981,99.2291,32.1215,14.0889,1445.63,89629,1991.53,302.681,4.88194,,,
37,"F3",7632,96,1.25786,7536,98.7421,33.0247,13.4867,1492.48,143278,3170.37,478.361,4.98293,,,
37,"F4",13744,102,0.742142,13642,99.2579,36.0612,14.3182,1309.36,133555,3678.24,424.324,4.16004,,,
37,"F5",20583,207,1.00568,20376,98.9943,37.4368,15.6324,1905.38,394414,7749.41,1201.56,5.80463,,,
37,"F6",8623,60,0.695814,8563,99.3042,34.7516,14.131,1967.88,118073,2085.1,384.332,6.40553,,,
37,"F7",11625,136,1.16989,11489,98.8301,45.1023,19.9392,3210.94,436688,6133.91,984.456,7.23865,,,
37,"F8",20389,110,0.539507,20279,99.4605,36.133,14.5038,1813.34,199467,3974.63,616.669,5.60608,,,
37,"F9",20639,50,0.24226,20589,99.7577,31.265,14.8499,1519.16,75958,1563.25,286.969,5.73939,,,
37,"F10",9496,54,0.56866,9442,99.4313,35.4213,15.9321,1926.69,104041,1912.75,331.366,6.1364,,,
37,"F11",11765,50,0.424989,11715,99.575,33.2835,17.8188,1550.64,77532,1664.18,263.521,5.27043,,,
37,"F12",9809,12,0.122337,9797,99.8777,35.4245,15.7345,2532.33,30388,425.094,79.5087,6.62572,,,
38,"F1",14036,29,0.206612,14007,99.7934,31.3173,14.4037,976.759,28326,908.203,108.313,3.73492,,,
38,"F2",8071,85,1.05315,7986,98.9468,31.2164,14.0427,1360.34,115629,2653.39,413.136,4.86042,,,
38,"F3",7736,83,1.07291,7653,98.9271,33.8027,13.5333,1664.55,138158,2805.62,439.797,5.29876,,,
38,"F4",14050,103,0.733096,13947,99.2669,35.8625,14.3542,1429.62,147251,3693.84,460.389,4.46979,,,
38,"F5",20414,162,0.793573,20252,99.2064,36.6044,15.6273,1817.05,294362,5929.92,930.18,5.74185,,,
38,"F6",8700,121,1.3908,8579,98.6092,33.602,14.165,1717.06,207764,4065.84,718.078,5.93453,,,
38,"F7",11640,181,1.55498,11459,98.445,42.3933,20.0036,2595.01,469697,7673.18,1196.56,6.61082,,,
38,"F8",20224,229,1.13232,19995,98.8677,34.2136,14.5456,1551.71,355341,7834.92,1182.28,5.16277,,,
38,"F9",20554,99,0.481658,20455,99.5183,30.5656,14.9145,1408.13,139405,3026,536.684,5.42105,,,
38,"F10",9460,22,0.232558,9438,99.7674,34.3068,15.896,1965.41,43239,754.75,143.068,6.50309,,,
38,"F11",11681,14,0.119853,11667,99.8801,36.0127,17.8001,1959.36,27431,504.177,80.937,5.78121,,,
38,"F12",9872,13,0.131686,9859,99.8683,28.183,15.7036,1120.69,14569,366.379,64.5116,4.96243,,,
39,"F1",14043,24,0.170904,14019,99.8291,30.0948,14.4312,1071.92,25726,722.276,101.171,4.21547,,,
39,"F2",8199,96,1.17087,8103,98.8291,31.893,14.1005,1329.96,127676,3061.72,453.961,4.72876,,,
39,"F3",7744,69,0.891012,7675,99.109,33.0053,13.5439,1523.81,105143,2277.36,338.745,4.90935,,,
39,"F4",14329,155,1.08172,14174,98.9183,34.5806,14.3953,1219.57,189033,5360,634.76,4.09523,,,
39,"F5",20439,206,1.00788,20233,98.9921,36.9079,15.6565,1892.9,389937,7603.04,1212.51,5.88596,,,
39,"F6",8751,156,1.78265,8595,98.2173,33.4558,14.1946,1664.58,259675,5219.1,890.307,5.7071,,,
39,"F7",11647,278,2.38688,11369,97.6131,41.8051,20.0601,2428.76,675196,11621.8,1750.14,6.29548,,,
39,"F8",20277,174,0.858115,20103,99.1419,34.8045,14.5503,1714,298236,6055.98,947.677,5.44642,,,
39,"F9",20461,101,0.493622,20360,99.5064,32.014,14.9287,1422.33,143655,3233.41,526.448,5.21235,,,
39,"F10",9543,58,0.607775,9485,99.3922,33.0074,15.9001,1706.29,98965,1914.43,340.173,5.86506,,,
39,"F11",11685,30,0.256739,11655,99.7433,36.1905,17.7799,2246.83,67405,1085.71,213.888,7.1296,,,
39,"F12",9929,12,0.120858,9917,99.8791,36.992,15.7531,2602.67,31232,443.903,85.3409,7.11174,,,
40,"F1",14185,30,0.211491,14155,99.7885,29.6132,14.4562,1085.8,32574,888.397,129.737,4.32457,,,
40,"F2",8257,84,1.01732,8173,98.9827,32.1896,14.1009,1352.57,113616,2703.92,391.711,4.66323,,,
40,"F3",7850,68,0.866242,7782,99.1338,33.5786,13.5213,1589.57,108091,2283.35,341.007,5.0148,,,
40,"F4",14505,79,0.54464,14426,99.4554,36.4362,14.3674,1492.01,117869,2878.46,364.574,4.61486,,,
40,"F5",20491,251,1.22493,20240,98.7751,36.4655,15.7045,1943.04,487703,9152.84,1517.93,6.04751,,,
40,"F6",8791,185,2.10442,8606,97.8956,33.367,14.2889,1662.23,307513,6172.9,1050.63,5.6791,,,
40,"F7",11701,224,1.91437,11477,98.0856,43.8709,20.013,2737.4,613177,9827.07,1476.98,6.59367,,,
40,"F8",20355,93,0.45689,20262,99.5431,35.5532,14.5251,1780.47,165584,3306.45,498.596,5.36124,,,
40,"F9",20470,105,0.512946,20365,99.4871,31.57,14.9336,1422.53,149366,3314.85,555.371,5.28924,,,
40,"F10",9560,99,1.03556,9461,98.9644,33.1399,15.9778,1810.93,179282,3280.85,614.645,6.20854,,,
40,"F11",11843,42,0.35464,11801,99.6454,29.6669,17.8296,1720.74,72271,1246.01,281.018,6.69091,,,
40,"F12",9929,14,0.141001,9915,99.859,39.3233,15.7356,2533.07,35463,550.526,94.8629,6.77592,,,
41,"F1",14330,33,0.230286,14297,99.7697,30.2813,14.4516,967.455,31926,999.284,127.357,3.8593,,,
41,"F2",8317,57,0.685343,8260,99.3147,31.4517,14.0575,1384.58,78921,1792.74,281.851,4.94476,,,
41,"F3",7852,111,1.41365,7741,98.5863,31.8213,13.5809,1320.18,146540,3532.17,546.444,4.92292,,,
41,"F4",14772,77,0.521256,14695,99.4787,36.4858,14.3911,1497.91,115339,2809.41,356.599,4.63115,,,
41,"F5",20389,189,0.92697,20200,99.073,36.6772,15.6661,1963.13,371031,6932,1164.18,6.1597,,,
41,"F6",8790,114,1.29693,8676,98.7031,33.7433,14.1936,1696.56,193408,3846.73,654.995,5.74557,,,
41,"F7",11768,110,0.934738,11658,99.0653,43.3748,19.9893,2936.45,323010,4771.23,785.803,7.14366,,,
41,"F8",20207,90,0.44539,20117,99.5546,35.2473,14.5191,1871.33,168420,3172.26,524.781,5.8309,,,
41,"F9",20406,126,0.617465,20280,99.3825,31.943,14.971,1540.52,194106,4024.82,710.579,5.63952,,,
41,"F10",9643,59,0.611843,9584,99.3882,31.9323,16.0017,1647.54,97205,1884.01,345.053,5.84836,,,
41,"F11",11923,52,0.436132,11871,99.5639,30.2959,17.8694,1645.69,85576,1575.39,323.867,6.22821,,,
41,"F12",9954,16,0.160739,9938,99.8393,35.644,15.7533,1543.25,24692,570.304,79.9848,4.99905,,,
42,"F1",14128,32,0.226501,14096,99.7735,29.5557,14.5057,1124.19,35974,945.781,147.115,4.59734,,,
42,"F2",8350,70,0.838323,8280,99.1617,30.2707,14.1338,1276.56,89359,2118.95,328.985,4.69979,,,
42,"F3",7980,48,0.601504,7932,99.3985,34.2396,13.5637,1869.77,89749,1643.5,269.235,5.60905,,,
42,"F4",15144,148,0.977285,14996,99.0227,36.0611,14.4175,1482.01,219337,5337.05,677.371,4.57683,,,
42,"F5",20338,197,0.96863,20141,99.0314,36.0695,15.7081,1855.58,365549,7105.68,1161.56,5.89627,,,
42,"F6",8698,338,3.88595,8360,96.1141,31.5718,14.4081,1501.98,507669,10671.3,1849.29,5.47128,,,
42,"F7",11823,263,2.22448,11560,97.7755,40.9497,20.0394,2565.3,674674,10769.8,1735.86,6.60023,,,
42,"F8",20229,297,1.46819,19932,98.5318,33.338,14.601,1484.61,440929,9901.38,1534.35,5.16617,,,
42,"F9",19867,183,0.921126,19684,99.0789,30.7816,15.0035,1408.15,257692,5633.03,985.884,5.38734,,,
42,"F10",9638,34,0.35277,9604,99.6472,35.9796,16.0126,1995.68,67853,1223.31,205.675,6.04927,,,
42,"F11",11816,36,0.304672,11780,99.6953,31.8795,17.901,1736.53,62515,1147.66,233.527,6.48686,,,
42,"F12",9945,14,0.140774,9931,99.8592,31.5192,15.7573,1602.71,22438,441.269,85.579,6.11278,,,
43,"F1",14212,29,0.204053,14183,99.796,29.6081,14.4701,1007.69,29223,858.635,119.263,4.11252,,,
43,"F2",8285,167,2.01569,8118,97.9843,31.0641,14.2332,1278.13,213448,5187.71,770.092,4.61133,,,
43,"F3",8019,47,0.586108,7972,99.4139,32.45,13.5868,1606.36,75499,1525.15,238.526,5.07502,,,
43,"F4",15161,201,1.32577,14960,98.6742,35.2396,14.4688,1262.14,253690,7083.15,837.341,4.16587,,,
43,"F5",20272,344,1.69692,19928,98.3031,34.1632,15.7493,1612.99,554867,11752.1,1860.48,5.40837,,,
43,"F6",8795,205,2.33087,8590,97.6691,32.5614,14.2924,1627.27,333591,6675.08,1182.28,5.7672,,,
43,"F7",11868,244,2.05595,11624,97.9441,41.3385,20.076,2368.21,577843,10086.6,1495.19,6.12784,,,
43,"F8",20185,65,0.322021,20120,99.678,36.1053,14.505,1892.63,123021,2346.85,361.241,5.55755,,,
43,"F9",20505,56,0.273104,20449,99.7269,30.5119,14.9219,1543.43,86432,1708.67,334.46,5.9725,,,
43,"F10",9690,53,0.546956,9637,99.453,33.1733,15.9684,1750.08,92754,1758.18,318.035,6.00066,,,
43,"F11",12042,56,0.465039,11986,99.535,30.2349,17.9084,1461.46,81842,1693.15,314.345,5.6133,,,
43,"F12",9920,10,0.100806,9910,99.8992,34.2501,15.7573,2570.8,25708,342.501,70.2247,7.02248,,,
44,"F1",14321,31,0.216465,14290,99.7835,29.2691,14.4786,1022.77,31706,907.342,129.975,4.19275,,,
44,"F2",7754,283,3.64973,7471,96.3503,31.0862,14.207,1258.72,356217,8797.4,1314.27,4.64408,,,
44,"F3",8046,51,0.633855,7995,99.3661,32.5461,13.5645,1686.59,86016,1659.85,278.638,5.46348,,,
44,"F4",15347,209,1.36183,15138,98.6382,34.5817,14.4758,1249.12,261067,7227.57,872.929,4.1767,,,
44,"F5",20297,325,1.60122,19972,98.3988,35.5045,15.7418,1675.1,544408,11539,1768.47,5.44146,,,
44,"F6",8812,114,1.29369,8698,98.7063,33.1642,14.2496,1757.86,200396,3780.72,679.752,5.96273,,,
44,"F7",11887,196,1.64886,11691,98.3511,42.3651,20.0771,2486.35,487325,8303.56,1227.74,6.26399,,,
44,"F8",20265,104,0.5132,20161,99.4868,35.2779,14.5379,1851.81,192588,3668.9,591.911,5.69145,,,
44,"F9",20517,80,0.389921,20437,99.6101,30.0184,14.9335,1436.39,114911,2401.48,458.484,5.73105,,,
44,"F10",9821,80,0.814581,9741,99.1854,32.0476,16.0164,1596.18,127694,2563.8,457.056,5.7132,,,
44,"F11",11957,42,0.351259,11915,99.6487,31.3688,17.9101,1639.83,68873,1317.49,250.191,5.95692,,,
44,"F12",9993,7,0.070049,9986,99.93,31.5248,15.7636,1291.71,9042,220.673,35.8265,5.11807,,,
45,"F1",14483,35,0.241663,14448,99.7583,27.957,14.4708,1005.89,35206,978.496,153.542,4.38692,,,
45,"F2",8456,117,1.38363,8339,98.6164,30.5936,14.2529,1274.87,149160,3579.46,547.396,4.6786,,,
45,"F3",8140,64,0.786241,8076,99.2138,33.8306,13.6391,1770.22,113294,2165.16,351.005,5.48445,,,
45,"F4",15393,50,0.324823,15343,99.6752,34.9372,14.3905,1775.76,88788,1746.86,279.233,5.58465,,,
45,"F5",20141,283,1.40509,19858,98.5949,35.2177,15.7508,1690.02,478275,9966.6,1565.06,5.53025,,,
45,"F6",8813,72,0.816975,8741,99.183,34.7929,14.2218,1943.85,139957,2505.09,444.082,6.16781,,,
45,"F7",11643,727,6.24409,10916,93.7559,40.1475,20.3244,2194.05,1595080,29187.3,4364.41,6.00331,,,
45,"F8",20291,147,0.724459,20144,99.2755,34.451,14.5828,1675.98,246369,5064.3,813.06,5.53102,,,
45,"F9",20657,79,0.382437,20578,99.6176,30.5841,14.9838,1415.61,111833,2416.15,422.42,5.34708,,,
45,"F10",9789,113,1.15436,9676,98.8456,32.7579,16.0679,1692.63,191267,3701.65,663.683,5.8733,,,
45,"F11",11998,28,0.233372,11970,99.7666,31.1252,17.8884,1683.46,47137,871.505,172.586,6.16379,,,
45,"F12",9999,9,0.090009,9990,99.91,30.4745,15.7596,1275.78,11482,274.27,46.6578,5.1842,,,
46,"F1",14465,27,0.186657,14438,99.8133,29.0108,14.4894,1034.44,27930,783.29,112.836,4.1791,,,
46,"F2",8298,212,2.55483,8086,97.4452,31.0628,14.2623,1283.1,272017,6585.32,985.765,4.64984,,,
46,"F3",8111,138,1.70139,7973,98.2986,31.6327,13.7049,1447.04,199691,4365.31,700.581,5.07667,,,
46,"F4",15908,101,0.634901,15807,99.3651,34.7166,14.467,1403.56,141760,3506.38,454.676,4.50174,,,
46,"F5",20088,285,1.41876,19803,98.5812,36.1213,15.8159,1741.93,496449,10294.6,1581.25,5.54824,,,
46,"F6",8910,171,1.91919,8739,98.0808,33.4663,14.3263,1729.4,295728,5722.73,1001.95,5.85937,,,
46,"F7",11935,305,2.55551,11630,97.4445,41.9056,20.2122,2522.81,769458,12781.2,1939.04,6.3575,,,
46,"F8",20259,77,0.380078,20182,99.6199,35.0214,14.5623,1728.69,133109,2696.64,422.42,5.48597,,,
46,"F9",20523,67,0.326463,20456,99.6735,30.3753,14.9695,1370.69,91836,2035.15,345.411,5.15538,,,
46,"F10",9820,132,1.3442,9688,98.6558,32.4401,16.1272,1620.1,213853,4282.09,743.192,5.63024,,,
46,"F11",12050,35,0.290456,12015,99.7095,31.2366,17.9177,1643.49,57522,1093.28,214.84,6.13829,,,
46,"F12",10065,13,0.12916,10052,99.8708,28.4674,15.7681,1127.46,14657,370.076,65.4638,5.03567,,,
47,"F1",14250,29,0.203509,14221,99.7965,29.5692,14.4994,983.552,28523,857.507,117.954,4.06737,,,
47,"F2",8526,110,1.29017,8416,98.7098,31.1972,14.2177,1445.06,158957,3431.69,557.989,5.07263,,,
47,"F3",8288,49,0.591216,8239,99.4088,33.7667,13.6111,1719.67,84264,1654.57,260.07,5.30754,,,
47,"F4",15951,131,0.821265,15820,99.1787,34.3423,14.4434,1281.66,167897,4498.84,549.181,4.19222,,,
47,"F5",20086,421,2.09599,19665,97.904,34.4741,15.7968,1578.13,664393,14513.6,2209.46,5.24813,,,
47,"F6",8861,173,1.95238,8688,98.0476,33.8525,14.3602,1740.25,301064,5856.48,1026.95,5.93611,,,
47,"F7",11987,198,1.65179,11789,98.3482,43.0855,20.1736,2614.75,517720,8530.93,1268.33,6.40571,,,
47,"F8",19663,417,2.12073,19246,97.8793,33.6228,14.7073,1592.48,664065,14020.7,2264.57,5.43062,,,
47,"F9",20483,74,0.361275,20409,99.6387,30.8832,14.9852,1524.54,112816,2285.36,426.467,5.76306,,,
47,"F10",9846,69,0.700792,9777,99.2992,33.0207,16.0816,1789.58,123481,2278.43,418.73,6.06855,,,
47,"F11",12000,43,0.358333,11957,99.6417,30.8045,17.8926,1567.88,67419,1324.59,254.475,5.91803,,,
47,"F12",10075,11,0.109181,10064,99.8908,35.9112,15.7716,2338.64,25725,395.023,64.7496,5.88633,,,
48,"F1",14678,24,0.16351,14654,99.8365,29.9745,14.5026,1043.67,25048,719.389,99.3859,4.14108,,,
48,"F2",8522,66,0.774466,8456,99.2255,31.5654,14.2253,1554.23,102579,2083.31,349.695,5.29842,,,
48,"F3",8323,92,1.10537,8231,98.8946,33.4991,13.7089,1799.16,165523,3081.92,520.972,5.66274,,,
48,"F4",16086,109,0.677608,15977,99.3224,35.1597,14.4757,1351.39,147301,3832.41,468.839,4.30128,,,
48,"F5",20040,293,1.46208,19747,98.5379,34.8801,15.7822,1725.09,505452,10219.9,1648.97,5.62789,,,
48,"F6",8819,345,3.91201,8474,96.088,32.2205,14.5246,1643.91,567149,11116.1,2003.9,5.80842,,,
48,"F7",11971,251,2.09673,11720,97.9033,42.7498,20.1503,2469.49,619843,10730.2,1565.42,6.23672,,,
48,"F8",20231,129,0.637635,20102,99.3624,34.6934,14.6178,1539.62,198611,4475.45,659.994,5.11623,,,
48,"F9",20537,55,0.267809,20482,99.7322,31.6579,14.9744,1459.11,80251,1741.18,299.229,5.44052,,,
48,"F10",9894,100,1.01071,9794,98.9893,32.0854,16.1522,1582.25,158225,3208.54,565.488,5.65488,,,
48,"F11",12078,51,0.422255,12027,99.5777,30.1964,17.9869,1494.41,76215,1540.02,297.205,5.82756,,,
48,"F12",10108,12,0.118718,10096,99.8813,29.1166,15.7835,1280,15360,349.399,67.1301,5.59417,,,
49,"F1",14555,35,0.240467,14520,99.7595,30.6317,14.5366,983.514,34423,1072.11,136.641,3.90402,,,
49,"F2",8609,77,0.894413,8532,99.1056,31.3343,14.222,1464.23,112746,2412.74,397.424,5.16136,,,
49,"F3",8423,110,1.30595,8313,98.6941,33.5017,13.7436,1613.85,177524,3685.18,560.727,5.09752,,,
49,"F4",16105,229,1.42192,15876,98.5781,33.314,14.529,1194.27,273488,7628.9,967.673,4.22565,,,
49,"F5",19999,208,1.04005,19791,98.9599,36.1557,15.7653,1852.47,385313,7520.39,1207.39,5.80476,,,
49,"F6",8962,100,1.11582,8862,98.8842,34.0432,14.3081,1679.14,167914,3404.32,562.512,5.62512,,,
49,"F7",11961,260,2.17373,11701,97.8263,43.1039,20.2405,2628.04,683291,11207,1680.87,6.46489,,,
49,"F8",20290,184,0.906851,20106,99.0932,33.5333,14.6184,1627.67,299491,6170.12,1018.73,5.5366,,,
49,"F9",20568,74,0.359782,20494,99.6402,32.2459,14.9988,1594.64,118003,2386.2,428.133,5.78558,,,
49,"F10",9951,52,0.522561,9899,99.4774,34.1602,16.0678,1809.15,94076,1776.33,310.655,5.97414,,,
49,"F11",12041,28,0.232539,12013,99.7675,32.558,17.9294,1650.11,46203,911.623,163.064,5.82372,,,
49,"F12",10090,8,0.0792864,10082,99.9207,28.6895,15.7504,1333.13,10665,229.516,47.9671,5.99588,,,
50,"F1",14829,26,0.175332,14803,99.8247,30.5554,14.5081,1058.08,27510,794.441,111.05,4.27117,,,
50,"F2",8607,90,1.04566,8517,98.9543,31.3883,14.2392,1417.08,127537,2824.94,449.081,4.98979,,,
50,"F3",8430,66,0.782918,8364,99.2171,33.4108,13.6599,1844.82,121758,2205.11,376.833,5.70959,,,
50,"F4",16313,149,0.913382,16164,99.0866,34.4518,14.4758,1312.21,195519,5133.32,650.829,4.36798,,,
50,"F5",20010,217,1.08446,19793,98.9155,35.7618,15.7577,1758.6,381616,7760.32,1211.08,5.58101,,,
50,"F6",8995,106,1.17843,8889,98.8216,35.0496,14.3562,1850.53,196156,3715.26,628.095,5.92542,,,
50,"F7",12136,149,1.22775,11987,98.7722,44.6953,20.1493,2847.06,424212,6659.61,1012.19,6.79321,,,
50,"F8",20275,148,0.729963,20127,99.27,34.7768,14.6175,1575.28,233142,5146.97,768.306,5.19126,,,
50,"F9",20512,71,0.346139,20441,99.6539,30.6468,14.9852,1402.52,99579,2175.92,384.808,5.41983,,,
50,"F10",9942,126,1.26735,9816,98.7327,31.0526,16.0716,1550.19,195324,3912.63,722.363,5.73304,,,
50,"F11",12161,77,0.633172,12084,99.3668,29.7147,17.9585,1403.38,108060,2288.03,428.728,5.5679,,,
50,"F12",9909,8,0.0807347,9901,99.9193,36.5049,15.7396,2033.5,16268,292.039,47.3719,5.92149,,,
51,"F1",14867,26,0.174884,14841,99.8251,31.7543,14.5335,1193.42,31029,825.612,115.573,4.44513,,,
51,"F2",8647,66,0.76327,8581,99.2367,32.255,14.2047,1551.97,102430,2128.83,345.649,5.2371,,,
51,"F3",8470,88,1.03896,8382,98.961,33.0203,13.6808,1600.13,140811,2905.79,463.126,5.2628,,,
51,"F4",16412,143,0.871314,16269,99.1287,35.2397,14.4824,1401.8,200458,5039.28,643.092,4.49715,,,
51,"F5",19874,137,0.689343,19737,99.3107,36.3683,15.7614,1816.07,248802,4982.45,781.994,5.70799,,,
51,"F6",9036,84,0.929615,8952,99.0704,36.0134,14.3305,1775.68,149157,3025.13,474.91,5.65369,,,
51,"F7",12152,135,1.11093,12017,98.8891,44.1946,20.1236,3005.6,405756,5966.27,942.44,6.98104,,,
51,"F8",19937,58,0.290916,19879,99.7091,34.3067,14.5874,1994.93,115706,1989.79,361.479,6.2324,,,
51,"F9",20466,103,0.503274,20363,99.4967,31.7745,15.0272,1468.09,151213,3272.78,555.133,5.38964,,,
51,"F10",9962,107,1.07408,9855,98.9259,33.1217,16.1142,1648.06,176342,3544.02,606.194,5.66537,,,
51,"F11",12095,27,0.223233,12068,99.7768,32.5263,17.918,1713.22,46257,878.211,160.565,5.94684,,,
51,"F12",10285,9,0.0875061,10276,99.9125,30.6145,15.7759,1320.89,11888,275.53,50.3476,5.59417,,,
52,"F1",15045,33,0.219342,15012,99.7807,30.4824,14.5257,1030.3,34000,1005.92,131.166,3.97471,,,
52,"F2",8598,157,1.82601,8441,98.174,30.3566,14.2956,1296.17,203499,4765.98,761.641,4.85122,,,
52,"F3",8543,66,0.772562,8477,99.2274,34.4945,13.7046,1733.03,114380,2276.64,352.79,5.3453,,,
52,"F4",16343,198,1.21153,16145,98.7885,34.6809,14.5499,1293.03,256020,6866.83,859.837,4.34261,,,
52,"F5",19870,176,0.885757,19694,99.1142,36.3955,15.7623,1775.74,312530,6405.6,986.598,5.60567,,,
52,"F6",9006,57,0.632911,8949,99.3671,36.0783,14.3791,1938.19,110477,2056.47,340.054,5.96587,,,
52,"F7",12201,173,1.41792,12028,98.5821,45.2836,20.1486,2928.79,506680,7834.06,1179.06,6.81539,,,
52,"F8",19968,67,0.335537,19901,99.6645,34.4326,14.6376,1926.13,129051,2306.98,400.995,5.985,,,
52,"F9",20652,51,0.246949,20601,99.7531,32.0297,15.0281,1626.12,82932,1633.51,301.49,5.91157,,,
52,"F10",9992,44,0.440352,9948,99.5596,36.0656,16.1196,2077.43,91407,1586.89,291.254,6.61941,,,
52,"F11",12122,44,0.362976,12078,99.637,32.8508,17.9094,1815.32,79874,1445.43,265.664,6.03781,,,
52,"F12",10290,10,0.0971817,10280,99.9028,34.8038,15.8318,1553.5,15535,348.038,51.0617,5.10617,,,
53,"F1",14973,30,0.200361,14943,99.7996,30.3092,14.5345,1151.97,34559,909.275,139.021,4.63404,,,
53,"F2",8764,75,0.855774,8689,99.1442,31.295,14.2621,1353.6,101520,2347.13,359.098,4.78798,,,
53,"F3",8600,52,0.604651,8548,99.3953,32.2855,13.6715,1745.9,90787,1678.85,293.159,5.63766,,,
53,"F4",16645,105,0.63082,16540,99.3692,35.7078,14.5138,1624.86,170610,3749.32,534.898,5.09427,,,
53,"F5",19782,183,0.925083,19599,99.0749,35.6708,15.7801,1769.02,323731,6527.75,1035.87,5.66052,,,
53,"F6",9026,61,0.675825,8965,99.3242,35.7605,14.331,2122.72,129486,2181.39,414.207,6.79028,,,
53,"F7",12170,371,3.04848,11799,96.9515,41.2688,20.2163,2412.03,894862,15310.7,2343.25,6.31602,,,
53,"F8",20062,96,0.478517,19966,99.5215,35.8715,14.6496,1946.13,186828,3443.67,576.319,6.00332,,,
53,"F9",20615,67,0.325006,20548,99.675,31.1182,15.0295,1501.45,100597,2084.92,380.88,5.68478,,,
53,"F10",10010,78,0.779221,9932,99.2208,32.0539,16.1391,1546.17,120601,2500.21,434.322,5.56823,,,
53,"F11",12198,214,1.75439,11984,98.2456,29.5903,18.0467,1309.05,280136,6332.33,1126.45,5.2638,,,
53,"F12",10297,9,0.0874041,10288,99.9126,32.0619,15.8049,1307.89,11771,288.557,47.9671,5.32968,,,
54,"F1",14955,32,0.213975,14923,99.786,29.28,14.545,1138.09,36419,936.96,147.829,4.61966,,,
54,"F2",8420,308,3.65796,8112,96.342,30.0507,14.3902,1202.97,370515,9255.63,1432.7,4.65164,,,
54,"F3",8670,62,0.71511,8608,99.2849,34.0674,13.6671,1834.71,113752,2112.18,350.291,5.64985,,,
54,"F4",16748,95,0.567232,16653,99.4328,34.8919,14.5175,1582.92,150377,3314.73,477.052,5.0216,,,
54,"F5",19765,229,1.15861,19536,98.8414,35.8937,15.8176,1864.67,427009,8219.66,1354.03,5.91279,,,
54,"F6",9065,173,1.90844,8892,98.0916,33.8469,14.4038,1798.77,311187,5855.51,1045.04,6.04069,,,
54,"F7",12336,137,1.11057,12199,98.8894,44.8853,20.0964,3196.31,437895,6149.28,987.908,7.211,,,
54,"F8",20054,153,0.76294,19901,99.2371,34.7097,14.6638,1804.95,276157,5310.59,900.067,5.88279,,,
54,"F9",20534,57,0.277588,20477,99.7224,31.3051,15.033,1555.6,88669,1784.39,328.985,5.77167,,,
54,"F10",10019,142,1.41731,9877,98.5827,31.8808,16.1856,1529.2,217146,4527.07,779.376,5.48856,,,
54,"F11",12223,58,0.474515,12165,99.5255,31.4792,17.9565,1514.53,87843,1825.79,318.749,5.49567,,,
54,"F12",10280,11,0.107004,10269,99.893,28.4045,15.8415,1405.91,15465,312.45,68.4394,6.22176,,,
55,"F1",15047,28,0.186084,15019,99.8139,30.5069,14.5514,1130.71,31660,854.192,124.5,4.44643,,,
55,"F2",8866,105,1.1843,8761,98.8157,31.6312,14.2672,1398.27,146818,3321.27,517.164,4.92537,,,
55,"F3",8585,155,1.80547,8430,98.1945,31.3843,13.8048,1393.23,215950,4864.56,776.043,5.00673,,,
55,"F4",16782,144,0.858062,16638,99.1419,34.1427,14.5481,1362.4,196185,4916.55,661.065,4.59073,,,
55,"F5",19764,387,1.95811,19377,98.0419,34.7647,15.892,1624.15,628546,13453.9,2073.53,5.35797,,,
55,"F6",9073,42,0.462912,9031,99.5371,37.1102,14.3174,2156.4,90569,1558.63,278.995,6.64273,,,
55,"F7",12340,227,1.83955,12113,98.1605,42.1215,20.1814,2689.49,610514,9561.58,1482.81,6.53222,,,
55,"F8",20062,140,0.697837,19922,99.3022,35.1057,14.7024,1816.06,254248,4914.8,813.179,5.80842,,,
55,"F9",19553,197,1.00752,19356,98.9925,31.0514,15.1214,1399.65,275732,6117.12,1073.25,5.44796,,,
55,"F10",10075,184,1.8263,9891,98.1737,31.8687,16.2173,1506.99,277286,5863.84,1001.83,5.44475,,,
55,"F11",12199,52,0.426264,12147,99.5737,30.5637,17.9203,1374.88,71494,1589.31,280.066,5.38588,,,
55,"F12",10283,13,0.126422,10270,99.8736,33.8804,15.8703,1583.31,20583,440.445,76.295,5.86885,,,
56,"F1",15027,29,0.192986,14998,99.807,31.5095,14.6058,1114.52,32321,913.775,122.477,4.22334,,,
56,"F2",8883,86,0.968141,8797,99.0319,31.3517,14.3022,1489.33,128082,2696.25,450.629,5.23987,,,
56,"F3",8607,176,2.04485,8431,97.9552,32.1428,13.8284,1532.36,269695,5657.13,921.253,5.2344,,,
56,"F4",16938,167,0.985949,16771,99.0141,33.3276,14.5745,1273.14,212614,5565.7,743.668,4.4531,,,
56,"F5",19800,233,1.17677,19567,98.8232,35.9269,15.8911,1685.64,392754,8370.97,1258.45,5.40108,,,
56,"F6",9022,295,3.26978,8727,96.7302,32.4117,14.5306,1570.98,463440,9561.46,1624.69,5.50743,,,
56,"F7",12352,90,0.728627,12262,99.2714,48.8357,20.1017,3560.84,320476,4395.22,682.132,7.57925,,,
56,"F8",20082,245,1.22,19837,98.78,33.9075,14.7397,1563.59,383079,8307.33,1284.76,5.2439,,,
56,"F9",20551,53,0.257895,20498,99.7421,32.0396,15.0478,1475.23,78187,1698.1,286.136,5.39879,,,
56,"F10",10164,52,0.51161,10112,99.4884,34.2571,16.16,1928.23,100268,1781.37,326.962,6.28772,,,
56,"F11",12213,79,0.646852,12134,99.3531,30.1891,17.9955,1402.62,110807,2384.94,432.418,5.47364,,,
56,"F12",10440,14,0.1341,10426,99.8659,35.8783,15.8271,2112.57,29576,502.297,79.8658,5.7047,,,
57,"F1",14942,22,0.147236,14920,99.8528,28.7211,14.5908,1258.05,27677,631.865,114.74,5.21546,,,
57,"F2",8985,64,0.712298,8921,99.2877,30.4723,14.2185,1410.16,90250,1950.22,317.559,4.96185,,,
57,"F3",8774,88,1.00296,8686,98.997,31.9163,13.7225,1504.91,132432,2808.64,449.2,5.10455,,,
57,"F4",16948,99,0.58414,16849,99.4159,34.7067,14.5509,1481.94,146712,3435.97,473.481,4.78264,,,
57,"F5",19699,178,0.903599,19521,99.0964,36.5908,15.7897,1870.43,332936,6513.17,1039.68,5.84092,,,
57,"F6",9172,63,0.686873,9109,99.3131,35.9095,14.4101,1909.03,120269,2262.3,384.332,6.1005,,,
57,"F7",12356,88,0.712205,12268,99.2878,50.5301,20.0634,3527.69,310437,4446.65,648.448,7.36873,,,
57,"F8",20106,286,1.42246,19820,98.5775,33.278,14.7419,1557.28,445382,9517.5,1536.61,5.37277,,,
57,"F9",20495,56,0.273237,20439,99.7268,32.0548,15.0462,1663.21,93140,1795.07,334.46,5.9725,,,
57,"F10",10172,46,0.452222,10126,99.5478,36.2263,16.1693,2099.22,96564,1666.41,304.704,6.624,,,
57,"F11",12118,44,0.363096,12074,99.6369,31.4755,17.9528,1671.77,73558,1384.92,266.378,6.05404,,,
57,"F12",10039,9,0.0896504,10030,99.9103,35.884,15.773,1637.89,14741,322.956,47.2529,5.25033,,,
58,"F1",15044,31,0.206062,15013,99.7939,31.3748,14.6034,1055.71,32727,972.618,128.071,4.13132,,,
58,"F2",8951,137,1.53056,8814,98.4694,31.0236,14.331,1313.36,179930,4250.23,652.138,4.76013,,,
58,"F3",8831,27,0.305741,8804,99.6943,33.6557,13.6628,2401.78,64848,908.705,183.179,6.78443,,,
58,"F4",16897,66,0.390602,16831,99.6094,35.7818,14.5482,1710.52,112894,2361.6,348.981,5.2876,,,
58,"F5",19596,190,0.969586,19406,99.0304,36.1595,15.7884,1850.64,351622,6870.31,1109.67,5.84037,,,
58,"F6",9271,99,1.06785,9172,98.9322,35.7683,14.4574,1824.34,180610,3541.06,575.129,5.80938,,,
58,"F7",12401,187,1.50794,12214,98.4921,45.1225,20.1898,2692.77,503548,8437.9,1197.87,6.40571,,,
58,"F8",20261,140,0.690983,20121,99.309,34.3354,14.7129,1723.19,241246,4806.96,797.468,5.6962,,,
58,"F9",20308,129,0.635218,20179,99.3648,30.9605,15.1185,1427.75,184180,3993.91,713.793,5.53328,,,
58,"F10",10154,37,0.364388,10117,99.6356,36.7608,16.1743,2163.35,80044,1360.15,246.263,6.65575,,,
58,"F11",12204,68,0.557194,12136,99.4428,30.0507,18.0383,1346.13,91537,2043.44,364.812,5.36488,,,
58,"F12",10495,13,0.123869,10482,99.8761,33.7909,15.822,1598.23,20777,439.282,74.9857,5.76813,,,
59,"F1",15246,30,0.196773,15216,99.8032,30.0635,14.5656,1074.3,32229,901.905,130.213,4.34045,,,
59,"F2",9088,62,0.682218,9026,99.3178,31.2486,14.2908,1463.89,90761,1937.41,320.177,5.16415,,,
59,"F3",8989,75,0.834353,8914,99.1656,32.3124,13.7493,1620.69,121552,2423.43,397.305,5.29741,,,
59,"F4",17086,135,0.790121,16951,99.2099,34.439,14.5937,1399.21,188893,4649.26,640.235,4.74249,,,
59,"F5",19441,144,0.740703,19297,99.2593,36.5205,15.8096,1943.15,279813,5258.96,876.143,6.08433,,,
59,"F6",9238,105,1.13661,9133,98.8634,34.8711,14.4428,1776.29,186510,3661.46,612.503,5.83336,,,
59,"F7",12463,104,0.83447,12359,99.1655,48.2976,20.0908,3153.7,327985,5022.95,723.791,6.95953,,,
59,"F8",20072,255,1.27043,19817,98.7296,33.5892,14.7821,1598.75,407681,8565.25,1391.76,5.45788,,,
59,"F9",20578,46,0.22354,20532,99.7765,32.3294,15.0434,1595.89,73411,1487.15,266.973,5.80376,,,
59,"F10",10246,102,0.99551,10144,99.0045,32.5909,16.2142,1795.78,183170,3324.27,636.665,6.24181,,,
59,"F11",12214,44,0.360242,12170,99.6398,28.5335,18.0021,1314.2,57825,1255.48,245.311,5.57524,,,
59,"F12",10522,11,0.104543,10511,99.8955,40.2046,15.8548,1625.45,17880,442.251,51.6568,4.69608,,,
60,"F1",15181,32,0.21079,15149,99.7892,29.0091,14.5952,1053.66,33717,928.29,142.592,4.456,,,
60,"F2",8948,211,2.35807,8737,97.6419,30.3646,14.3695,1256.36,265091,6406.92,1002.07,4.74915,,,
60,"F3",8906,158,1.77408,8748,98.2259,32.0645,13.8528,1506.41,238013,5066.19,821.273,5.19793,,,
60,"F4",17124,106,0.619014,17018,99.381,34.7566,14.5777,1395.77,147952,3684.2,502.285,4.73854,,,
60,"F5",19496,433,2.22097,19063,97.779,34.4958,15.9047,1633.09,707128,14936.7,2342.65,5.41028,,,
60,"F6",9266,287,3.09735,8979,96.9027,33.3821,14.6028,1530.55,439269,9580.65,1523.04,5.30677,,,
60,"F7",12503,228,1.82356,12275,98.1764,42.8174,20.1928,2536.59,578343,9762.36,1443.54,6.33129,,,
60,"F8",20049,74,0.369096,19975,99.6309,35.3112,14.692,1935.12,143199,2613.03,443.249,5.98985,,,
60,"F9",20469,64,0.312668,20405,99.6873,30.3481,15.0855,1389.42,88923,1942.28,351.957,5.49933,,,
60,"F10",9974,496,4.97293,9478,95.0271,30.2047,16.3541,1402.62,695700,14981.5,2702.7,5.44899,,,
60,"F11",12244,60,0.490036,12184,99.51,30.1825,17.9926,1435.42,86125,1810.95,332.675,5.54458,,,
60,"F12",10442,11,0.105344,10431,99.8947,39.2691,15.8539,2560.73,28168,431.96,74.0336,6.73032,,,
61,"F1",15256,34,0.222863,15222,99.7771,31.0899,14.58,1064.15,36181,1057.06,141.045,4.14837,,,
61,"F2",9121,110,1.20601,9011,98.794,30.9294,14.3345,1213.74,133511,3402.24,497.525,4.52295,,,
61,"F3",9069,83,0.915206,8986,99.0848,33.0026,13.7538,1758.04,145917,2739.22,455.866,5.49236,,,
61,"F4",17099,81,0.473712,17018,99.5263,34.3908,14.5376,1343.06,108788,2785.66,372.072,4.59348,,,
61,"F5",19390,157,0.809696,19233,99.1903,35.7698,15.7971,1836.87,288389,5615.85,911.136,5.80342,,,
61,"F6",9345,106,1.1343,9239,98.8657,34.5682,14.4462,1712.78,181555,3664.23,603.695,5.69523,,,
61,"F7",12486,380,3.04341,12106,96.9566,41.2005,20.2393,2219.6,843447,15656.2,2221.36,5.84569,,,
61,"F8",20235,162,0.800593,20073,99.1994,34.1617,14.7351,1694.94,274580,5534.2,910.898,5.62283,,,
61,"F9",20512,50,0.24376,20462,99.7562,31.7182,15.0878,1497.2,74860,1585.91,271.02,5.4204,,,
61,"F10",10249,48,0.468338,10201,99.5317,36.5794,16.1949,1875.54,90026,1755.81,283.756,5.91157,,,
61,"F11",12271,32,0.260777,12239,99.7392,31.592,17.9349,1898.41,60749,1010.94,218.649,6.83278,,,
61,"F12",10569,11,0.104078,10558,99.8959,40.5525,15.8499,1645.18,18097,446.077,68.4394,6.22176,,,
