"T Id","Well Name","Cell Count","Cell Total Intensity","Cell Average Intensity","Cell Total Integrated Intensity","Cell Average Integrated Intensity","Total Area","Average Area","Concentration","Group","Compound"
1,"B1",3,1666.46,555.486,650789,216930,233.527,77.8423,,,
1,"B2",36,9325.07,259.03,2591480,71985.5,1050.51,29.181,,,
1,"B3",9,696.817,77.4242,187457,20828.6,285.422,31.7136,,,
1,"B4",5,331.193,66.2387,78507,15701.4,105.932,21.1865,,,
1,"B5",1,66.1478,66.1478,21035,21035,37.8499,37.8499,,,
1,"B6",1,73.0171,73.0171,8543,8543,13.9259,13.9259,,,
1,"B7",3,3754.85,1251.62,600688,200229,55.9417,18.6472,,,
1,"B8",1,228.805,228.805,26999,26999,14.0449,14.0449,,,
1,"B9",1,1807.95,1807.95,334471,334471,22.0196,22.0196,,,
1,"B10",3,5696.81,1898.94,937985,312662,57.132,19.044,,,
1,"B11",1,1923.94,1923.94,384788,384788,23.805,23.805,,,
1,"B12",6,7836.1,1306.02,2460780,410130,318.273,53.0455,,,
2,"B1",6,6286.52,1047.75,1715640,285941,180.918,30.153,,,
2,"B2",39,12306.3,315.547,3291320,84392.9,1106.93,28.3829,,,
2,"B3",9,679.232,75.4702,182907,20323,281.851,31.3168,,,
2,"B4",6,1665.86,277.644,440302,73383.7,136.879,22.8131,,,
2,"B5",2,1302.84,651.421,207042,103521,54.5135,27.2567,,,
2,"B6",1,73.0345,73.0345,8472,8472,13.8069,13.8069,,,
2,"B7",3,3021.3,1007.1,504187,168062,54.2754,18.0918,,,
2,"B8",2,1329.23,664.613,295051,147526,42.611,21.3055,,,
2,"B9",3,2994.93,998.309,490021,163340,52.371,17.457,,,
2,"B10",3,5494.7,1831.57,933236,311079,58.6793,19.5598,,,
2,"B11",1,1732.27,1732.27,339525,339525,23.3289,23.3289,,,
2,"B12",7,9538.64,1362.66,2808560,401223,255.071,36.4387,,,
3,"B1",6,6245.27,1040.88,1662890,277148,179.847,29.9745,,,
3,"B2",42,16662.7,396.731,3981280,94792.3,1124.67,26.7778,,,
3,"B3",10,698.216,69.8216,183000,18300,293.635,29.3635,,,
3,"B4",7,2886.72,412.388,725739,103677,161.993,23.1419,,,
3,"B5",4,3687.9,921.975,673549,168387,99.862,24.9655,,,
3,"B6",1,76.9211,76.9211,8769,8769,13.5688,13.5688,,,
3,"B7",3,2789.39,929.797,510197,170066,59.5125,19.8375,,,
3,"B8",2,1432.09,716.043,285072,142536,39.1592,19.5796,,,
3,"B9",2,2383.26,1191.63,494251,247126,57.132,28.566,,,
3,"B10",3,5401.54,1800.51,891226,297075,57.132,19.044,,,
3,"B11",1,1969.56,1969.56,356491,356491,21.5435,21.5435,,,
3,"B12",7,11377.8,1625.4,5703920,814845,323.986,46.2837,,,
4,"B1",6,7696.84,1282.81,1584750,264125,169.373,28.2288,,,
4,"B2",44,18385.8,417.859,4450370,101145,1251.79,28.4497,,,
4,"B3",10,692.712,69.2712,176804,17680.4,285.541,28.5541,,,
4,"B4",7,2998.48,428.355,689202,98457.4,156.637,22.3767,,,
4,"B5",6,6379.83,1063.3,998498,166416,129.737,21.6229,,,
4,"B6",1,77.0446,77.0446,8629,8629,13.3308,13.3308,,,
4,"B7",3,3061.96,1020.65,573182,191061,61.655,20.5517,,,
4,"B8",3,2800.15,933.383,594708,198236,67.0111,22.337,,,
4,"B9",2,2304.17,1152.08,481925,240963,57.8461,28.9231,,,
4,"B10",2,3772.31,1886.15,674005,337003,41.8968,20.9484,,,
4,"B11",2,3560.9,1780.45,794503,397252,52.7281,26.364,,,
4,"B12",11,19018.9,1728.99,6471420,588311,380.999,34.6363,,,
5,"B1",6,7353.07,1225.51,1572690,262115,172.586,28.7644,,,
5,"B2",41,18047,440.17,4550310,110983,1174.9,28.656,,,
5,"B3",10,690.294,69.0294,181954,18195.4,295.896,29.5896,,,
5,"B4",9,5005.97,556.219,1064590,118287,202.462,22.4957,,,
5,"B5",6,6063.47,1010.58,998943,166491,137.712,22.952,,,
5,"B6",2,1674.69,837.343,796974,398487,72.3672,36.1836,,,
5,"B7",8,11488.3,1436.03,2095460,261933,168.063,21.0079,,,
5,"B8",3,3066.12,1022.04,633952,211317,65.1067,21.7022,,,
5,"B9",3,4611.2,1537.07,1165960,388653,94.3868,31.4623,,,
5,"B10",3,5314.28,1771.43,865745,288582,56.1798,18.7266,,,
5,"B11",2,3731.19,1865.6,811599,405800,51.5378,25.7689,,,
5,"B12",11,16933.8,1539.44,6553680,595789,405.518,36.8653,,,
6,"B1",6,7147.31,1191.22,2256590,376098,232.337,38.7228,,,
6,"B2",41,17599.4,429.254,4493230,109591,1187.51,28.9637,,,
6,"B3",10,711.474,71.1474,185310,18531,296.134,29.6134,,,
6,"B4",10,6392.15,639.215,1358780,135878,226.981,22.6981,,,
6,"B5",5,4384.17,876.834,1011290,202259,144.853,28.9707,,,
6,"B6",5,6142.27,1228.45,1963440,392688,163.54,32.7081,,,
6,"B7",11,16816.2,1528.74,3667760,333432,272.924,24.8113,,,
6,"B8",3,2977.23,992.411,621418,207139,65.4638,21.8213,,,
6,"B9",7,9264.42,1323.49,2313290,330470,359.336,51.3338,,,
6,"B10",4,7613.99,1903.5,1960570,490143,109.741,27.4353,,,
6,"B11",2,3682.54,1841.27,797753,398877,51.5378,25.7689,,,
6,"B12",15,24554.8,1636.99,8036300,535753,508.832,33.9221,,,
7,"B1",11,16246.7,1476.97,4488940,408085,363.383,33.0348,,,
7,"B2",43,19212.8,446.81,4736780,110158,1176.92,27.3702,,,
7,"B3",10,683.705,68.3705,178436,17843.6,291.611,29.1611,,,
7,"B4",11,7457.63,677.967,1564570,142233,249.357,22.6689,,,
7,"B5",6,5853.87,975.644,1347130,224521,171.277,28.5462,,,
7,"B6",7,10690.6,1527.23,3658120,522589,246.382,35.1974,,,
7,"B7",12,17718.7,1476.56,4854940,404578,371.239,30.9366,,,
7,"B8",4,4839.37,1209.84,1204340,301085,102.838,25.7094,,,
7,"B9",7,12471.7,1781.67,3062020,437432,202.7,28.9571,,,
7,"B10",4,7495.63,1873.91,1928540,482134,110.336,27.584,,,
7,"B11",4,5412.1,1353.02,1996120,499030,267.687,66.9218,,,
7,"B12",16,25215.2,1575.95,8146290,509143,543.706,33.9816,,,
8,"B1",12,17561.8,1463.48,4777960,398164,395.401,32.9501,,,
8,"B2",42,16945.2,403.458,4248830,101163,1167.52,27.798,,,
8,"B3",10,711.636,71.1636,185751,18575.1,297.086,29.7086,,,
8,"B4",11,7620.44,692.767,1629320,148120,250.31,22.7554,,,
8,"B5",6,6352.22,1058.7,1337010,222835,158.779,26.4632,,,
8,"B6",7,11794.7,1684.96,3533700,504814,238.169,34.0241,,,
8,"B7",15,23139.2,1542.61,5218550,347903,385.879,25.7253,,,
8,"B8",9,13245.2,1471.69,3087870,343097,230.789,25.6433,,,
8,"B9",7,12357.1,1765.3,3057790,436827,204.128,29.1611,,,
8,"B10",4,7745.93,1936.48,1873000,468250,103.314,25.8284,,,
8,"B11",5,6872.77,1374.55,2330100,466019,294.825,58.965,,,
8,"B12",18,27724,1540.22,8620770,478932,584.77,32.4872,,,
9,"B1",12,16880.3,1406.69,4643580,386965,409.684,34.1403,,,
9,"B2",42,18191.4,433.128,4518470,107583,1179.89,28.0927,,,
9,"B3",9,641.247,71.2497,173982,19331.3,279.709,31.0788,,,
9,"B4",12,8599.5,716.625,1801720,150143,271.139,22.5949,,,
9,"B5",6,6106.3,1017.72,1339900,223316,164.255,27.3757,,,
9,"B6",7,10351.7,1478.81,3565960,509423,250.786,35.8265,,,
9,"B7",14,20676.9,1476.92,5162670,368762,395.52,28.2514,,,
9,"B8",10,14356.8,1435.68,3258170,325817,251.5,25.15,,,
9,"B9",9,16396.3,1821.81,3832630,425848,251.143,27.9047,,,
9,"B10",5,9410.46,1882.09,2164820,432964,125.809,25.1619,,,
9,"B11",6,6482.77,1080.46,2050430,341738,271.496,45.2493,,,
9,"B12",26,35901.4,1380.82,9496190,365238,759.022,29.1932,,,
10,"B1",12,16416,1368,4996090,416340,434.084,36.1737,,,
10,"B2",40,17389.9,434.747,4264560,106614,1105.5,27.6376,,,
10,"B3",9,638.295,70.9217,174317,19368.6,281.494,31.2771,,,
10,"B4",14,8713.11,622.365,1889290,134950,346.125,24.7232,,,
10,"B5",6,6074.59,1012.43,1294760,215794,159.851,26.6418,,,
10,"B6",6,9053.63,1508.94,3288780,548130,228.647,38.1078,,,
10,"B7",15,22236.4,1482.43,6106880,407125,470.387,31.3591,,,
10,"B8",10,13919.3,1391.93,3215160,321516,255.309,25.5309,,,
10,"B9",10,16371,1637.1,3636790,363679,244.834,24.4834,,,
10,"B10",7,11888.6,1698.37,3274080,467726,227.933,32.5618,,,
10,"B11",6,7044.06,1174.01,2185290,364214,267.925,44.6542,,,
10,"B12",24,37047.7,1543.65,1.0585E+07,441043,762.355,31.7648,,,
11,"B1",13,17693,1361,5338710,410670,471.101,36.2385,,,
11,"B2",43,17389.1,404.399,4446960,103418,1178.59,27.409,,,
11,"B3",10,704.201,70.4201,182844,18284.4,293.873,29.3873,,,
11,"B4",14,10054.3,718.167,1908970,136355,290.183,20.7274,,,
11,"B5",8,6665.55,833.193,1471600,183950,202.342,25.2928,,,
11,"B6",6,8708.14,1451.36,3390640,565106,243.882,40.647,,,
11,"B7",17,25500.8,1500.04,6661740,391867,507.761,29.8683,,,
11,"B8",10,12797.8,1279.78,3044130,304413,264.355,26.4355,,,
11,"B9",12,21247.7,1770.64,5074810,422901,339.459,28.2883,,,
11,"B10",10,14961.7,1496.17,3397370,339737,240.43,24.043,,,
11,"B11",6,6593.52,1098.92,1976710,329452,224.124,37.354,,,
11,"B12",27,42851.9,1587.11,1.1155E+07,413147,788.898,29.2184,,,
12,"B1",14,18300.8,1307.2,5001030,357216,471.696,33.6926,,,
12,"B2",47,21173.7,450.503,4797640,102077,1195.13,25.4283,,,
12,"B3",11,730.826,66.4387,181927,16538.8,302.085,27.4623,,,
12,"B4",13,9865.76,758.904,1934070,148775,287.445,22.1112,,,
12,"B5",7,6691.13,955.876,1437570,205367,186.988,26.7126,,,
12,"B6",7,10167.1,1452.44,3287390,469627,228.647,32.6639,,,
12,"B7",20,29090,1454.5,6874740,343737,549.419,27.471,,,
12,"B8",10,13133.8,1313.38,3059830,305983,259.951,25.9951,,,
12,"B9",14,25465.9,1818.99,5333910,380994,355.29,25.3778,,,
12,"B10",10,15373.2,1537.32,3779590,377959,280.066,28.0066,,,
12,"B11",5,6811.99,1362.4,2094120,418823,234.717,46.9435,,,
12,"B12",27,41129,1523.3,1.16885E+07,432906,843.768,31.2507,,,
13,"B1",14,17929.2,1280.66,5279210,377086,486.693,34.7638,,,
13,"B2",42,19100.8,454.781,4915900,117045,1206.68,28.7304,,,
13,"B3",10,709.045,70.9045,185126,18512.6,298.277,29.8277,,,
13,"B4",13,9783.4,752.569,2068420,159109,318.154,24.4734,,,
13,"B5",7,4298.07,614.009,1227490,175355,229.123,32.7319,,,
13,"B6",7,9900.41,1414.34,3339460,477066,243.882,34.8403,,,
13,"B7",20,28558.3,1427.92,7169640,358482,588.103,29.4051,,,
13,"B8",10,13308.3,1330.83,2995870,299587,251.143,25.1143,,,
13,"B9",13,23087.3,1775.95,5317680,409052,352.671,27.1285,,,
13,"B10",10,15017.1,1501.71,3659380,365938,275.662,27.5662,,,
13,"B11",5,6551.4,1310.28,1985490,397097,231.623,46.3245,,,
13,"B12",32,46006.4,1437.7,1.21677E+07,380239,935.179,29.2244,,,
14,"B1",17,22095.7,1299.75,5776570,339798,538.35,31.6677,,,
14,"B2",44,18241.1,414.571,4707760,106995,1201.44,27.3054,,,
14,"B3",10,663.428,66.3428,173703,17370.3,290.778,29.0778,,,
14,"B4",14,9856.08,704.006,1961690,140121,324.462,23.1759,,,
14,"B5",7,6579.89,939.984,1412020,201717,184.608,26.3725,,,
14,"B6",7,9919.93,1417.13,3333600,476229,240.43,34.3472,,,
14,"B7",21,30560.1,1455.24,7492370,356779,596.672,28.413,,,
14,"B8",9,11293.2,1254.8,2600750,288972,229.956,25.5507,,,
14,"B9",13,21275.5,1636.58,5430350,417719,385.165,29.6281,,,
14,"B10",11,16619.9,1510.9,3555140,323195,273.281,24.8438,,,
14,"B11",7,9753.8,1393.4,2577380,368197,292.087,41.7268,,,
14,"B12",34,47251.6,1389.75,1.3311E+07,391501,1004.57,29.5462,,,
15,"B1",19,23517,1237.73,5806520,305606,551.086,29.0045,,,
15,"B2",45,19777.5,439.499,4681760,104039,1165.61,25.9025,,,
15,"B3",9,667.455,74.1616,178548,19838.7,282.208,31.3565,,,
15,"B4",14,9433.03,673.788,1887520,134823,322.32,23.0228,,,
15,"B5",7,6602.36,943.194,1422110,203159,185.441,26.4916,,,
15,"B6",7,9585.8,1369.4,3217630,459661,243.049,34.7213,,,
15,"B7",24,32896,1370.67,7404310,308513,655.352,27.3063,,,
15,"B8",11,12737.2,1157.93,2791910,253810,258.165,23.4696,,,
15,"B9",14,23353.1,1668.08,5570450,397889,386.117,27.5798,,,
15,"B10",12,18282.3,1523.52,4154350,346196,313.274,26.1061,,,
15,"B11",9,13370.2,1485.58,3305940,367326,335.055,37.2284,,,
15,"B12",33,46893.4,1421.01,1.27687E+07,386929,968.149,29.3379,,,
16,"B1",18,21610.4,1200.58,5573720,309651,540.731,30.0406,,,
16,"B2",42,18332.2,436.481,4668220,111148,1164.9,27.7357,,,
16,"B3",10,657.821,65.7821,170740,17074,285.898,28.5898,,,
16,"B4",13,9084.41,698.801,1898040,146003,321.01,24.6931,,,
16,"B5",8,6718.55,839.819,1422600,177825,194.725,24.3406,,,
16,"B6",7,9527.06,1361.01,3097190,442456,243.168,34.7383,,,
16,"B7",23,31795.2,1382.4,7449110,323874,653.447,28.4107,,,
16,"B8",11,12301.8,1118.35,2714740,246795,266.616,24.2378,,,
16,"B9",15,23640.9,1576.06,5354830,356989,390.402,26.0268,,,
16,"B10",13,18474.7,1421.13,4031390,310107,312.441,24.0339,,,
16,"B11",12,13235.9,1102.99,3201080,266757,337.674,28.1395,,,
16,"B12",41,48475.4,1182.33,1.35799E+07,331218,1174.78,28.6531,,,
17,"B1",18,22223.2,1234.62,5657510,314306,553.942,30.7746,,,
17,"B2",44,17341.8,394.131,4579340,104076,1162.64,26.4235,,,
17,"B3",9,655.727,72.8586,175591,19510.1,280.423,31.1581,,,
17,"B4",15,9153.82,610.255,1982080,132139,430.275,28.685,,,
17,"B5",8,6448.72,806.089,1358570,169822,191.868,23.9835,,,
17,"B6",7,10197.7,1456.81,4035100,576442,288.279,41.1827,,,
17,"B7",24,31587.9,1316.16,7487160,311965,683.203,28.4668,,,
17,"B8",12,13452.7,1121.05,3011150,250929,301.728,25.144,,,
17,"B9",17,27199,1599.94,6075250,357368,428.847,25.2263,,,
17,"B10",12,16288.4,1357.36,4084600,340383,319.701,26.6418,,,
17,"B11",11,13745,1249.54,3588790,326253,428.847,38.9861,,,
17,"B12",40,54490,1362.25,1.3939E+07,348475,1227.39,30.6846,,,
18,"B1",19,22812.2,1200.64,5416260,285066,555.728,29.2488,,,
18,"B2",45,19029,422.866,4687670,104170,1194.42,26.5426,,,
18,"B3",10,672.597,67.2597,174461,17446.1,289.35,28.935,,,
18,"B4",14,8865.9,633.278,1954200,139586,421.11,30.0793,,,
18,"B5",8,6560.28,820.035,1409690,176211,197.224,24.6531,,,
18,"B6",7,9934.95,1419.28,4111070,587296,301.49,43.07,,,
18,"B7",25,31878.2,1275.13,7238850,289554,696.534,27.8614,,,
18,"B8",13,14612.5,1124.04,3282430,252495,322.082,24.7755,,,
18,"B9",16,26375.8,1648.49,6039750,377484,430.87,26.9294,,,
18,"B10",14,17083.4,1220.24,4537670,324119,428.371,30.5979,,,
18,"B11",13,15539.8,1195.37,4101460,315497,507.88,39.0677,,,
18,"B12",40,58422,1460.55,1.50689E+07,376722,1140.14,28.5035,,,
19,"B1",17,20727.6,1219.27,5151520,303030,517.164,30.4214,,,
19,"B2",43,18618.8,432.994,4512170,104934,1116.22,25.9585,,,
19,"B3",10,686.165,68.6165,174175,17417.5,286.136,28.6136,,,
19,"B4",15,9078.75,605.25,1985630,132375,451.343,30.0895,,,
19,"B5",7,6283.85,897.693,1322220,188889,180.918,25.8454,,,
19,"B6",8,12668.2,1583.53,4068280,508535,284.946,35.6182,,,
19,"B7",26,32933.9,1266.69,7229140,278044,691.416,26.5929,,,
19,"B8",12,14034.5,1169.54,3189190,265765,311.012,25.9177,,,
19,"B9",16,26098,1631.13,5877180,367324,421.229,26.3268,,,
19,"B10",12,16931,1410.92,4492340,374362,348.148,29.0123,,,
19,"B11",13,17758.9,1366.07,4116390,316645,375.643,28.8956,,,
19,"B12",44,61480.7,1397.29,1.6166E+07,367409,1247.5,28.3523,,,
20,"B1",19,22821.6,1201.14,5586980,294051,561.798,29.5683,,,
20,"B2",46,20107.3,437.116,4536920,98628.6,1150.02,25.0004,,,
20,"B3",11,727.246,66.1133,178256,16205.1,298.634,27.1485,,,
20,"B4",16,10046,627.872,2299240,143702,484.789,30.2993,,,
20,"B5",8,5765.12,720.64,1310810,163851,207.104,25.8879,,,
20,"B6",10,13258.9,1325.89,3882930,388293,329.937,32.9937,,,
20,"B7",25,31713.6,1268.55,7011340,280454,680.347,27.2139,,,
20,"B8",13,14458.9,1112.22,3220960,247766,322.915,24.8396,,,
20,"B9",17,26100.6,1535.33,5871100,345359,552.633,32.5078,,,
20,"B10",12,15983.5,1331.96,4303370,358614,349.219,29.1016,,,
20,"B11",15,17646.1,1176.41,4042570,269505,400.043,26.6695,,,
20,"B12",45,61858.2,1374.63,1.589E+07,353112,1245,27.6667,,,
21,"B1",19,21922.9,1153.84,5480230,288433,573.701,30.1948,,,
21,"B2",45,18646,414.355,4368940,97087.5,1133.95,25.1989,,,
21,"B3",10,660.669,66.0669,170232,17023.2,285.541,28.5541,,,
21,"B4",17,11029.4,648.79,2182330,128372,469.554,27.6208,,,
21,"B5",8,6082.44,760.305,1289770,161221,195.439,24.4299,,,
21,"B6",9,11857.9,1317.55,4074030,452670,320.296,35.5885,,,
21,"B7",26,32031,1231.96,7247210,278739,713.555,27.4444,,,
21,"B8",13,13220.5,1016.96,2936880,225914,317.916,24.4551,,,
21,"B9",18,29032.4,1612.91,6322820,351268,462.055,25.6697,,,
21,"B10",12,15833.1,1319.42,3888800,324067,318.035,26.5029,,,
21,"B11",15,20596.6,1373.11,4547000,303134,372.072,24.8048,,,
21,"B12",46,66293.2,1441.16,1.59791E+07,347372,1233.81,26.822,,,
22,"B1",20,23465.3,1173.26,5616340,280817,581.675,29.0838,,,
22,"B2",47,18262.5,388.564,4414050,93915.9,1157.88,24.6356,,,
22,"B3",10,698.125,69.8125,179425,17942.5,292.087,29.2087,,,
22,"B4",18,10387.2,577.065,2138300,118795,488.122,27.1179,,,
22,"B5",8,6688.99,836.124,1324280,165535,184.37,23.0462,,,
22,"B6",8,9788.41,1223.55,3821950,477744,317.797,39.7246,,,
22,"B7",27,33475.9,1239.85,7217540,267316,709.627,26.2825,,,
22,"B8",13,14024.2,1078.79,3101790,238599,323.153,24.8579,,,
22,"B9",20,30337,1516.85,6514220,325711,490.264,24.5132,,,
22,"B10",12,15802.3,1316.86,4212870,351073,345.292,28.7743,,,
22,"B11",16,21180.9,1323.81,4748000,296750,461.698,28.8561,,,
22,"B12",45,62746.2,1394.36,1.66019E+07,368930,1281.42,28.4761,,,
23,"B1",20,21529.5,1076.47,5256170,262809,583.699,29.1849,,,
23,"B2",45,18139,403.089,4385090,97446.5,1173.59,26.0797,,,
23,"B3",10,675.562,67.5562,174437,17443.7,288.874,28.8874,,,
23,"B4",17,9495.25,558.544,2116290,124488,469.792,27.6348,,,
23,"B5",8,7007.76,875.97,1421880,177734,198.653,24.8316,,,
23,"B6",8,9425.17,1178.15,3413100,426638,290.064,36.258,,,
23,"B7",27,32471,1202.63,6545850,242439,674.515,24.982,,,
23,"B8",12,13714.8,1142.9,2933480,244457,293.278,24.4398,,,
23,"B9",20,28835.1,1441.75,6592500,329625,516.688,25.8344,,,
23,"B10",12,15530,1294.17,4173910,347826,343.625,28.6354,,,
23,"B11",18,20318.3,1128.79,4584720,254707,421.468,23.4149,,,
23,"B12",45,64866.4,1441.47,1.71681E+07,381513,1312.13,29.1585,,,
24,"B1",21,22989.9,1094.76,5400280,257156,588.46,28.0219,,,
24,"B2",43,17367,403.884,4347430,101103,1177.99,27.3951,,,
24,"B3",11,723.895,65.8086,176359,16032.6,296.372,26.9429,,,
24,"B4",18,11711.4,650.632,2088110,116006,473.6,26.3111,,,
24,"B5",9,6868.94,763.216,1395670,155074,212.103,23.5669,,,
24,"B6",10,13719.5,1371.95,4689910,468991,369.335,36.9335,,,
24,"B7",25,31698.3,1267.93,7480000,299200,717.007,28.6803,,,
24,"B8",13,13877.7,1067.51,2947360,226720,306.489,23.5761,,,
24,"B9",19,28610.6,1505.82,6500270,342119,505.142,26.5864,,,
24,"B10",14,17168.3,1226.31,4381530,312966,462.769,33.0549,,,
24,"B11",16,19702.9,1231.43,4465250,279078,408.732,25.5457,,,
24,"B12",45,64351.6,1430.03,1.67534E+07,372297,1302.61,28.9469,,,
25,"B1",20,21328.9,1066.44,5147060,257353,592.387,29.6194,,,
25,"B2",44,19245.5,437.397,4151870,94360.7,1127.4,25.6228,,,
25,"B3",11,753.156,68.4687,182507,16591.5,300.538,27.3216,,,
25,"B4",17,10596.3,623.315,2120960,124762,464.078,27.2987,,,
25,"B5",8,7076.07,884.509,1428150,178519,200.676,25.0845,,,
25,"B6",10,13337.9,1333.79,4540190,454019,369.573,36.9573,,,
25,"B7",30,35579.5,1185.98,7428740,247625,747.12,24.904,,,
25,"B8",15,14885.6,992.371,2885150,192344,327.2,21.8133,,,
25,"B9",21,31092.6,1480.6,6510420,310020,509.665,24.2698,,,
25,"B10",13,16368.7,1259.13,4459270,343021,383.141,29.4724,,,
25,"B11",17,19461.3,1144.78,4445850,261520,426.824,25.1073,,,
25,"B12",46,66851.5,1453.29,1.59772E+07,347331,1232.74,26.7987,,,
26,"B1",22,24464.9,1112.04,5316490,241659,570.249,25.9204,,,
26,"B2",42,17824.3,424.387,4277880,101854,1152.76,27.4466,,,
26,"B3",11,731.548,66.5044,178264,16205.8,298.158,27.1052,,,
26,"B4",18,11757.8,653.209,2051740,113986,453.842,25.2135,,,
26,"B5",8,6813.58,851.698,1399590,174949,203.057,25.3821,,,
26,"B6",10,12995.6,1299.56,4496840,449684,375.405,37.5405,,,
26,"B7",28,34269.1,1223.9,7674670,274096,758.784,27.0994,,,
26,"B8",12,12152.4,1012.7,2746290,228858,312.203,26.0169,,,
26,"B9",20,28500.7,1425.03,6249500,312475,504.785,25.2393,,,
26,"B10",13,16873.1,1297.93,4021720,309363,344.101,26.4693,,,
26,"B11",16,20193.3,1262.08,4600340,287521,410.636,25.6648,,,
26,"B12",48,68689.8,1431.04,1.59598E+07,332495,1259.52,26.2401,,,
27,"B1",20,21717.4,1085.87,5189820,259491,577.152,28.8576,,,
27,"B2",42,16908.5,402.583,4156180,98956.6,1091.22,25.9815,,,
27,"B3",11,733.444,66.6767,176761,16069.2,295.063,26.8239,,,
27,"B4",17,10418.2,612.834,2003080,117828,464.555,27.3267,,,
27,"B5",8,6476.99,809.623,1317610,164702,199.962,24.9953,,,
27,"B6",10,12883.6,1288.36,4168760,416876,353.861,35.3861,,,
27,"B7",31,35504.8,1145.32,7863150,253650,891.378,28.7541,,,
27,"B8",13,12850.9,988.532,2769660,213051,333.27,25.6362,,,
27,"B9",21,30362.8,1445.85,6281750,299131,503.357,23.9694,,,
27,"B10",12,14154.1,1179.5,3843400,320283,353.861,29.4884,,,
27,"B11",17,20288.7,1193.46,4661370,274198,540.969,31.8217,,,
27,"B12",48,68588.4,1428.93,1.57624E+07,328383,1239.17,25.816,,,
28,"B1",21,23269.3,1108.06,5283850,251612,570.368,27.1604,,,
28,"B2",44,16891.7,383.902,4149020,94296,1158.71,26.3343,,,
28,"B3",11,715.7,65.0636,176208,16018.9,298.872,27.1702,,,
28,"B4",18,11039.3,613.292,1994920,110829,460.627,25.5904,,,
28,"B5",8,6090.48,761.31,1369960,171246,220.672,27.584,,,
28,"B6",11,14461.1,1314.65,4724530,429503,394.211,35.8373,,,
28,"B7",31,36729.9,1184.83,8084490,260790,829.366,26.7537,,,
28,"B8",13,13317.4,1024.42,2624330,201872,296.134,22.7796,,,
28,"B9",20,28099.2,1404.96,6142160,307108,504.547,25.2273,,,
28,"B10",14,17566.4,1254.74,3978180,284156,352.076,25.1483,,,
28,"B11",17,19279.4,1134.08,4443400,261377,530.732,31.2196,,,
28,"B12",47,66141.2,1407.26,1.57888E+07,335931,1257.02,26.7452,,,
29,"B1",20,21631.7,1081.59,5694700,284735,614.407,30.7204,,,
29,"B2",41,17433.7,425.212,4152180,101273,1084.2,26.4439,,,
29,"B3",11,714.599,64.9635,172210,15655.5,291.849,26.5318,,,
29,"B4",19,11600.3,610.544,1966720,103512,470.625,24.7697,,,
29,"B5",8,6601.07,825.133,1381200,172650,207.818,25.9772,,,
29,"B6",12,16213.3,1351.11,4764650,397054,392.902,32.7418,,,
29,"B7",32,36338.1,1135.57,8191660,255989,832.461,26.0144,,,
29,"B8",13,12758.7,981.437,2651280,203945,307.799,23.6768,,,
29,"B9",22,31159.6,1416.34,6458910,293587,529.661,24.0755,,,
29,"B10",12,14041.3,1170.11,3872810,322734,352.195,29.3496,,,
29,"B11",16,19400.3,1212.52,4396870,274805,510.974,31.9359,,,
29,"B12",46,63674,1384.22,1.51334E+07,328986,1237.98,26.9126,,,
30,"B1",19,19915.2,1048.17,5236170,275588,581.199,30.5894,,,
30,"B2",43,17387.2,404.354,4094690,95225.2,1109.67,25.8063,,,
30,"B3",9,618.144,68.6827,164273,18252.6,272.805,30.3117,,,
30,"B4",19,11559.1,608.372,1906270,100330,451.7,23.7737,,,
30,"B5",9,6445.87,716.207,1385670,153963,226.148,25.1275,,,
30,"B6",13,17749.1,1365.31,4670060,359235,395.996,30.4612,,,
30,"B7",33,39296.9,1190.82,8131090,246397,829.842,25.1467,,,
30,"B8",13,12689.5,976.115,2759010,212232,311.012,23.924,,,
30,"B9",21,29116.4,1386.5,6198540,295168,520.734,24.7969,,,
30,"B10",12,14309.2,1192.43,3738310,311526,333.032,27.7527,,,
30,"B11",19,19274.1,1014.43,4629090,243637,687.012,36.1585,,,
30,"B12",47,64777.6,1378.25,1.50167E+07,319504,1233.81,26.2513,,,
31,"B1",19,19265.5,1013.97,5144190,270747,578.938,30.4704,,,
31,"B2",40,15976.9,399.422,4202940,105073,1119.55,27.9887,,,
31,"B3",9,617.273,68.5859,165520,18391.1,275.067,30.563,,,
31,"B4",19,11397.6,599.873,2044650,107613,456.937,24.0493,,,
31,"B5",10,6971.83,697.183,1333400,133340,227.695,22.7695,,,
31,"B6",12,15937.1,1328.09,4712280,392690,391.235,32.6029,,,
31,"B7",33,36746.4,1113.53,8016300,242918,838.531,25.41,,,
31,"B8",13,11794.5,907.27,2500660,192358,311.25,23.9423,,,
31,"B9",20,27338.5,1366.92,6017010,300851,513.95,25.6975,,,
31,"B10",13,15694.6,1207.27,3758820,289140,338.745,26.0573,,,
31,"B11",17,21214.2,1247.89,4711380,277140,516.33,30.3724,,,
31,"B12",50,70492,1409.84,1.49579E+07,299158,1217.51,24.3501,,,
32,"B1",20,20605.2,1030.26,5295780,264789,599.529,29.9764,,,
32,"B2",39,16412.7,420.839,4145580,106297,1103,28.2822,,,
32,"B3",9,649.27,72.1411,169931,18881.2,276.138,30.682,,,
32,"B4",18,10539.3,585.516,2027260,112626,468.006,26.0003,,,
32,"B5",9,7189.47,798.83,1291160,143462,203.771,22.6412,,,
32,"B6",13,15978.6,1229.12,4690050,360773,406.47,31.267,,,
32,"B7",33,36247.5,1098.41,7832040,237334,831.509,25.1972,,,
32,"B8",13,11062.3,850.943,2406470,185113,321.367,24.7206,,,
32,"B9",21,29576.9,1408.42,6110150,290959,505.618,24.0771,,,
32,"B10",13,15563.3,1197.18,3760240,289249,346.72,26.6708,,,
32,"B11",17,20731.2,1219.48,4790840,281814,553.466,32.5568,,,
32,"B12",51,70147.3,1375.44,1.47342E+07,288905,1230,24.1177,,,
33,"B1",22,22142.5,1006.48,5082880,231040,590.84,26.8564,,,
33,"B2",43,17913.3,416.588,4067110,94584,1062.54,24.7101,,,
33,"B3",11,724.01,65.8191,174268,15842.5,293.635,26.6941,,,
33,"B4",19,12263.4,645.444,2247470,118288,479.433,25.2333,,,
33,"B5",9,6437.28,715.254,1330910,147879,216.03,24.0034,,,
33,"B6",11,13660.3,1241.85,4519640,410877,391.116,35.556,,,
33,"B7",33,35616.7,1079.29,7617670,230838,844.72,25.5976,,,
33,"B8",13,11775,905.772,2458800,189138,310.536,23.8874,,,
33,"B9",21,29069.5,1384.26,6021620,286744,509.308,24.2528,,,
33,"B10",13,14766.8,1135.91,3915440,301187,369.93,28.4561,,,
33,"B11",17,20842.6,1226.03,4739560,278798,538.35,31.6677,,,
33,"B12",49,65416.9,1335.04,1.43274E+07,292396,1218.94,24.8762,,,
34,"B1",19,18315.3,963.965,4858230,255696,572.51,30.1321,,,
34,"B2",41,16851.7,411.017,3980450,97084,1064.32,25.9591,,,
34,"B3",9,635.421,70.6023,168807,18756.3,276.019,30.6688,,,
34,"B4",19,13013.1,684.899,2268690,119405,471.22,24.8011,,,
34,"B5",9,6712.63,745.848,1262450,140272,211.865,23.5405,,,
34,"B6",12,15685.5,1307.13,4527040,377253,390.997,32.5831,,,
34,"B7",29,22645,780.862,6928300,238907,1021,35.2068,,,
34,"B8",12,11186.5,932.208,2469830,205819,305.894,25.4912,,,
34,"B9",21,28910.3,1376.68,6030600,287171,512.403,24.4001,,,
34,"B10",16,20091.1,1255.69,3992980,249561,371.596,23.2248,,,
34,"B11",17,20106.7,1182.75,4524700,266159,428.371,25.1983,,,
34,"B12",49,65673.1,1340.27,1.41988E+07,289771,1197.03,24.4293,,,
35,"B1",20,18810.8,940.538,4851810,242590,572.034,28.6017,,,
35,"B2",42,17250.4,410.724,3930710,93588.3,1067.06,25.4062,,,
35,"B3",9,630.772,70.0857,164681,18297.9,269.473,29.9414,,,
35,"B4",20,13810.6,690.531,2255900,112795,473.839,23.6919,,,
35,"B5",10,6531.79,653.179,1295450,129545,235.312,23.5312,,,
35,"B6",13,17175.4,1321.19,4449760,342289,388.021,29.8478,,,
35,"B7",33,34755.9,1053.21,7468120,226307,821.63,24.8979,,,
35,"B8",13,12668.4,974.495,2551690,196284,305.656,23.512,,,
35,"B9",21,26953.2,1283.49,6003320,285872,590.721,28.1296,,,
35,"B10",15,17283,1152.2,4101470,273432,396.591,26.4394,,,
35,"B11",17,20759.8,1221.17,4480090,263534,418.611,24.6242,,,
35,"B12",49,65462.4,1335.97,1.40337E+07,286402,1205.01,24.592,,,
36,"B1",22,21612.9,982.406,4752890,216041,570.606,25.9366,,,
36,"B2",44,17540.6,398.649,4021090,91388.5,1092.89,24.8384,,,
36,"B3",10,680.57,68.057,170198,17019.8,284.232,28.4232,,,
36,"B4",19,12251.3,644.805,2243840,118097,476.338,25.0704,,,
36,"B5",9,6529.85,725.539,1297450,144161,224.005,24.8895,,,
36,"B6",12,15253.9,1271.16,4407500,367291,392.663,32.722,,,
36,"B7",30,32331.7,1077.72,7419130,247304,830.437,27.6812,,,
36,"B8",12,11220.9,935.077,2325820,193818,285.541,23.7951,,,
36,"B9",26,32358.5,1244.56,6018330,231474,610.122,23.4662,,,
36,"B10",15,16841.6,1122.78,3871420,258094,381.118,25.4079,,,
36,"B11",18,21818,1212.11,4800160,266676,431.347,23.9637,,,
36,"B12",49,64227.1,1310.76,1.41097E+07,287953,1214.77,24.7912,,,
37,"B1",21,19947.3,949.871,4753620,226363,576.676,27.4608,,,
37,"B2",40,17493,437.324,4225940,105648,1078.13,26.9532,,,
37,"B3",10,687.911,68.7911,174149,17414.9,288.398,28.8398,,,
37,"B4",19,12282.2,646.432,2173620,114401,470.149,24.7447,,,
37,"B5",9,6857.79,761.977,1314460,146051,218.292,24.2547,,,
37,"B6",12,15962.7,1330.22,4350540,362545,374.096,31.1746,,,
37,"B7",31,31119.6,1003.86,7709440,248692,888.284,28.6543,,,
37,"B8",14,11802.6,843.04,2390700,170764,325.057,23.2184,,,
37,"B9",26,32558.3,1252.24,5992330,230474,585.246,22.5095,,,
37,"B10",17,18848.3,1108.73,4008680,235805,397.424,23.3779,,,
37,"B11",19,22353.5,1176.5,4814060,253371,475.029,25.0015,,,
37,"B12",48,63457.5,1322.03,1.35105E+07,281469,1167.99,24.3332,,,
38,"B1",21,19343.9,921.139,4724800,224990,590.84,28.1352,,,
38,"B2",43,18764.2,436.376,4340050,100931,1103.6,25.6651,,,
38,"B3",10,711.239,71.1239,174913,17491.3,286.136,28.6136,,,
38,"B4",18,11384.7,632.486,2175620,120868,457.889,25.4383,,,
38,"B5",9,7047.56,783.062,1330390,147822,215.197,23.9108,,,
38,"B6",12,15526,1293.84,4067470,338956,361.003,30.0836,,,
38,"B7",34,34800.3,1023.54,7497160,220505,869.835,25.5834,,,
38,"B8",14,11690.2,835.017,2373550,169539,322.439,23.0313,,,
38,"B9",25,30609.5,1224.38,5967330,238693,599.529,23.9812,,,
38,"B10",15,16483,1098.87,3955800,263720,389.926,25.9951,,,
38,"B11",18,22139.2,1229.95,4614390,256355,430.156,23.8976,,,
38,"B12",48,62519.3,1302.49,1.36758E+07,284913,1183.47,24.6555,,,
39,"B1",22,19138,869.911,4681300,212787,593.34,26.97,,,
39,"B2",43,18664.6,434.059,4342180,100981,1110.62,25.8284,,,
39,"B3",9,643.651,71.5168,166547,18505.2,272.21,30.2456,,,
39,"B4",21,13351.8,635.801,2152870,102517,454.795,21.6569,,,
39,"B5",11,7351.89,668.354,1249520,113593,229.123,20.8294,,,
39,"B6",12,14190.3,1182.53,3910580,325881,365.883,30.4902,,,
39,"B7",33,32750.2,992.429,7667770,232357,887.45,26.8924,,,
39,"B8",13,9391.96,722.458,2280610,175432,366.954,28.2272,,,
39,"B9",25,30254.4,1210.17,5872870,234915,594.054,23.7622,,,
39,"B10",14,14481.8,1034.42,3873970,276712,404.09,28.8636,,,
39,"B11",18,21817.3,1212.07,4621080,256727,449.319,24.9622,,,
39,"B12",45,57657.4,1281.28,1.38607E+07,308016,1192.75,26.5055,,,
40,"B1",24,20854.3,868.931,4706590,196108,605.242,25.2184,,,
40,"B2",43,18513.4,430.543,4239860,98601.4,1088.96,25.3246,,,
40,"B3",9,636.364,70.7071,165813,18423.7,270.901,30.1001,,,
40,"B4",20,13113.5,655.675,2185300,109265,458.722,22.9361,,,
40,"B5",11,7476.12,679.647,1285100,116827,233.17,21.1973,,,
40,"B6",12,14276.1,1189.68,4076670,339723,379.095,31.5912,,,
40,"B7",33,33515.9,1015.63,7563980,229211,872.334,26.4344,,,
40,"B8",15,14469.8,964.656,2486210,165747,308.275,20.5516,,,
40,"B9",24,28986.1,1207.75,5718120,238255,578.819,24.1174,,,
40,"B10",16,17194,1074.63,3815540,238471,397.067,24.8167,,,
40,"B11",18,21119.1,1173.28,4543030,252390,471.101,26.1723,,,
40,"B12",48,62281.2,1297.52,1.37228E+07,285892,1197.03,24.9382,,,
41,"B1",21,18993.2,904.438,4555150,216912,557.989,26.5709,,,
41,"B2",40,17340.4,433.51,4177530,104438,1094.43,27.3609,,,
41,"B3",10,697.841,69.7841,171963,17196.3,283.756,28.3756,,,
41,"B4",18,11338,629.891,2168490,120471,457.889,25.4383,,,
41,"B5",11,6651.02,604.638,1286220,116929,245.072,22.2793,,,
41,"B6",11,12167.1,1106.1,3955480,359589,386.593,35.1448,,,
41,"B7",34,35182,1034.76,7304650,214843,846.625,24.9007,,,
41,"B8",13,9337.9,718.3,2150930,165456,336.96,25.92,,,
41,"B9",23,27080,1177.39,5731050,249176,568.463,24.7158,,,
41,"B10",17,18482.2,1087.19,3979960,234116,404.566,23.798,,,
41,"B11",18,20911.2,1161.73,4468960,248275,418.611,23.2562,,,
41,"B12",46,56903.5,1237.03,1.36739E+07,297258,1214.29,26.3977,,,
42,"B1",23,19959,867.782,4722660,205333,584.889,25.43,,,
42,"B2",43,18176.8,422.717,4205730,97807.7,1086.94,25.2776,,,
42,"B3",9,636.631,70.7368,164586,18287.3,271.853,30.2059,,,
42,"B4",20,12949.2,647.458,2296270,114814,468.482,23.4241,,,
42,"B5",11,6757.26,614.297,1255630,114148,235.669,21.4245,,,
42,"B6",12,13962.8,1163.56,4056100,338008,383.141,31.9285,,,
42,"B7",33,33807.4,1024.47,7313520,221622,843.054,25.5471,,,
42,"B8",14,11467.5,819.105,2314780,165342,320.653,22.9038,,,
42,"B9",24,28990.4,1207.93,5555280,231470,563.226,23.4678,,,
42,"B10",17,18570,1092.35,4033230,237249,418.611,24.6242,,,
42,"B11",17,19831.3,1166.55,4375730,257396,430.871,25.3453,,,
42,"B12",48,59875.2,1247.4,1.354E+07,282082,1215.6,25.325,,,
43,"B1",22,19390.2,881.374,4608540,209479,568.344,25.8338,,,
43,"B2",42,16338.3,389.007,4160790,99066.4,1123.48,26.7495,,,
43,"B3",9,635.279,70.5866,162353,18039.2,267.211,29.6901,,,
43,"B4",18,11183.9,621.326,2159790,119988,460.27,25.5705,,,
43,"B5",12,7434.06,619.505,1264680,105390,243.644,20.3037,,,
43,"B6",12,14136.8,1178.06,3909600,325800,371.715,30.9763,,,
43,"B7",32,32575,1017.97,7228820,225901,838.055,26.1892,,,
43,"B8",13,6656.72,512.056,2062590,158661,477.171,36.7055,,,
43,"B9",24,27261.3,1135.89,5792440,241352,609.765,25.4069,,,
43,"B10",18,20008.4,1111.58,4132420,229579,425.99,23.6661,,,
43,"B11",20,20864.2,1043.21,4223110,211156,471.815,23.5908,,,
43,"B12",44,41090.2,933.869,1.23645E+07,281011,1481.15,33.6624,,,
44,"B1",22,20057.7,911.715,4580510,208205,569.773,25.8988,,,
44,"B2",44,19418.7,441.334,4208700,95652.2,1096.34,24.9168,,,
44,"B3",10,669.533,66.9533,167181,16718.1,282.446,28.2446,,,
44,"B4",20,12791.2,639.56,2262230,113112,458.365,22.9183,,,
44,"B5",11,7751.69,704.699,1269020,115365,226.148,20.5589,,,
44,"B6",11,11963.4,1087.58,4049240,368112,396.71,36.0646,,,
44,"B7",33,34536.4,1046.56,6960310,210918,794.611,24.0791,,,
44,"B8",13,11307.8,869.833,2128570,163736,288.755,22.2119,,,
44,"B9",26,29597.2,1138.35,5585150,214813,605.361,23.2831,,,
44,"B10",17,18632.7,1096.04,4244280,249663,432.775,25.4573,,,
44,"B11",19,20866.2,1098.22,4333570,228083,440.273,23.1723,,,
44,"B12",48,60381.7,1257.95,1.38061E+07,287627,1244.88,25.9351,,,
45,"B1",23,20232.3,879.665,4486660,195072,589.412,25.6266,,,
45,"B2",43,18850.2,438.376,4112040,95628.8,1089.55,25.3385,,,
45,"B3",9,619.431,68.8257,164138,18237.6,273.758,30.4175,,,
45,"B4",21,13310.1,633.816,2269380,108066,465.15,22.15,,,
45,"B5",12,7430.75,619.229,1280390,106699,245.906,20.4921,,,
45,"B6",11,11993.4,1090.31,3869440,351767,383.26,34.8419,,,
45,"B7",34,34240.4,1007.07,7077810,208171,823.891,24.2321,,,
45,"B8",13,10905.9,838.919,2112800,162523,291.492,22.4225,,,
45,"B9",26,28843.1,1109.35,5633750,216683,621.906,23.9194,,,
45,"B10",19,22213.3,1169.12,4029840,212097,408.851,21.5185,,,
45,"B11",19,21038.7,1107.3,4380960,230577,519.068,27.3194,,,
45,"B12",49,61675.5,1258.68,1.39491E+07,284676,1256.9,25.6511,,,
46,"B1",22,20243.9,920.177,4425960,201180,572.629,26.0286,,,
46,"B2",43,18786.1,436.887,4152770,96576.1,1073.25,24.9593,,,
46,"B3",8,586.303,73.2879,162808,20351,265.545,33.1931,,,
46,"B4",21,13426.3,639.348,2299410,109495,457.413,21.7816,,,
46,"B5",12,7368.05,614.004,1269720,105810,245.668,20.4723,,,
46,"B6",11,11960.4,1087.3,3869050,351732,382.308,34.7553,,,
46,"B7",30,28923.3,964.108,6963050,232102,821.63,27.3877,,,
46,"B8",13,10361.5,797.036,2183320,167948,304.347,23.4113,,,
46,"B9",26,27941.9,1074.69,5569550,214214,604.29,23.2419,,,
46,"B10",18,20062.9,1114.61,3981140,221175,416.23,23.1239,,,
46,"B11",19,20879.9,1098.94,4343160,228587,535.017,28.1588,,,
46,"B12",52,63811,1227.13,1.36759E+07,262997,1264.4,24.3154,,,
47,"B1",22,19448.3,884.016,4450840,202311,593.816,26.9916,,,
47,"B2",43,18781.5,436.778,4076090,94792.7,1079.56,25.106,,,
47,"B3",10,658.125,65.8125,162443,16244.3,277.328,27.7328,,,
47,"B4",21,12944.2,616.389,2269840,108087,471.934,22.4731,,,
47,"B5",11,7776.07,706.916,1266000,115091,224.838,20.4398,,,
47,"B6",11,11448.8,1040.8,3843230,349384,396.948,36.0862,,,
47,"B7",35,32253.3,921.524,6847900,195654,834.722,23.8492,,,
47,"B8",13,10956.7,842.826,2356730,181287,323.272,24.8671,,,
47,"B9",26,27026,1039.46,5406050,207925,599.529,23.0588,,,
47,"B10",16,17103.1,1068.94,4137720,258608,424.086,26.5054,,,
47,"B11",19,20653.1,1087.01,4253300,223858,536.803,28.2528,,,
47,"B12",54,66140.9,1224.83,1.38809E+07,257054,1270.83,23.5339,,,
48,"B1",23,20133.3,875.36,4428810,192557,594.411,25.844,,,
48,"B2",44,17772.2,403.914,4163070,94615.3,1097.17,24.9357,,,
48,"B3",9,608.375,67.5972,158417,17601.9,266.973,29.6637,,,
48,"B4",21,12718.6,605.65,2264610,107839,478.123,22.7678,,,
48,"B5",12,7271.71,605.976,1260920,105076,243.406,20.2838,,,
48,"B6",12,12800.1,1066.67,3761390,313449,391.116,32.593,,,
48,"B7",32,30560.4,955.011,6739790,210619,806.513,25.2035,,,
48,"B8",13,10715.8,824.294,2288460,176035,322.439,24.803,,,
48,"B9",25,26925.1,1077,5538330,221533,622.144,24.8857,,,
48,"B10",20,20907,1045.35,4090810,204540,447.058,22.3529,,,
48,"B11",19,19090.2,1004.75,4041820,212727,537.874,28.3092,,,
48,"B12",51,60955.3,1195.2,1.35793E+07,266261,1265.47,24.8132,,,
49,"B1",25,22010,880.401,4338160,173526,603.219,24.1287,,,
49,"B2",42,17806.4,423.963,4024670,95825.6,1075.87,25.6159,,,
49,"B3",8,560.376,70.047,153515,19189.4,256.618,32.0772,,,
49,"B4",19,13064.2,687.592,2210570,116346,437.179,23.0094,,,
49,"B5",12,7777.63,648.136,1275030,106253,233.408,19.4507,,,
49,"B6",13,13067.3,1005.18,3700630,284664,391.235,30.095,,,
49,"B7",32,28937,904.28,6799720,212491,836.389,26.1371,,,
49,"B8",13,11153,857.922,2228780,171445,304.704,23.4388,,,
49,"B9",25,26821.6,1072.86,5442790,217712,612.622,24.5049,,,
49,"B10",19,19612.8,1032.25,4002080,210636,436.703,22.9844,,,
49,"B11",19,19692.7,1036.46,4129270,217330,474.91,24.9953,,,
49,"B12",53,64681.4,1220.4,1.37055E+07,258594,1238.69,23.3716,,,
50,"B1",24,21150.9,881.289,4393610,183067,612.027,25.5011,,,
50,"B2",45,18166.1,403.691,4010240,89116.5,1096.93,24.3763,,,
50,"B3",9,613.063,68.1181,160223,17802.6,269.354,29.9282,,,
50,"B4",20,13540.1,677.004,2267290,113365,445.868,22.2934,,,
50,"B5",11,7302.37,663.852,1229910,111810,232.813,21.1648,,,
50,"B6",13,13211.1,1016.24,3680440,283111,392.187,30.1683,,,
50,"B7",30,28301.8,943.392,6767240,225575,816.273,27.2091,,,
50,"B8",15,12990.6,866.038,2296260,153084,313.036,20.869,,,
50,"B9",25,26270,1050.8,5357130,214285,615.835,24.6334,,,
50,"B10",19,19242.2,1012.75,3908780,205725,431.228,22.6962,,,
50,"B11",19,19396.8,1020.88,4076330,214544,544.658,28.6662,,,
50,"B12",51,60266.7,1181.7,1.35462E+07,265612,1287.85,25.252,,,
51,"B1",24,21276.3,886.512,4428740,184531,607.742,25.3226,,,
51,"B2",45,17929,398.422,3998680,88859.6,1095.03,24.334,,,
51,"B3",9,646.208,71.8008,166546,18505.1,274.472,30.4968,,,
51,"B4",18,12580,698.89,2121340,117852,425.752,23.6529,,,
51,"B5",12,7653.98,637.832,1223700,101975,232.813,19.4011,,,
51,"B6",14,14992.4,1070.88,3904640,278903,411.707,29.4077,,,
51,"B7",35,33096.2,945.607,6744920,192712,799.253,22.8358,,,
51,"B8",14,12078.1,862.723,1997020,142644,279.471,19.9622,,,
51,"B9",26,25400.2,976.929,5240200,201546,637.736,24.5283,,,
51,"B10",22,20978.9,953.584,3827160,173962,460.627,20.9376,,,
51,"B11",18,18822.8,1045.71,3999990,222222,484.551,26.9195,,,
51,"B12",50,59172.2,1183.44,1.34494E+07,268988,1263.09,25.2619,,,
52,"B1",21,18442.9,878.234,4391860,209136,597.982,28.4753,,,
52,"B2",42,17855.3,425.127,3949300,94030.8,1085.39,25.8426,,,
52,"B3",10,683.439,68.3439,167465,16746.5,280.78,28.078,,,
52,"B4",20,10320.4,516.019,2009730,100486,483.48,24.174,,,
52,"B5",11,7375.44,670.494,1190690,108244,221.863,20.1693,,,
52,"B6",15,15547.8,1036.52,3898960,259930,411.35,27.4234,,,
52,"B7",32,30128.2,941.505,6654190,207943,801.038,25.0324,,,
52,"B8",15,12776.6,851.776,2089470,139298,294.587,19.6391,,,
52,"B9",25,25614,1024.56,4998760,199950,582.746,23.3099,,,
52,"B10",22,20604,936.543,3779390,171791,466.34,21.1973,,,
52,"B11",20,18858.5,942.924,4077310,203865,555.847,27.7923,,,
52,"B12",55,64582.3,1174.22,1.36079E+07,247417,1292.85,23.5064,,,
53,"B1",21,18447.8,878.464,4438160,211341,607.266,28.9174,,,
53,"B2",44,17439.3,396.347,3950230,89778,1096.46,24.9195,,,
53,"B3",9,618.634,68.7372,157784,17531.6,265.307,29.4785,,,
53,"B4",19,12257.9,645.151,2103540,110712,435.632,22.928,,,
53,"B5",12,7153.78,596.148,1179410,98284.3,240.55,20.0458,,,
53,"B6",15,15903.3,1060.22,3846830,256455,407.542,27.1694,,,
53,"B7",34,30601.1,900.031,6614990,194558,825.914,24.2916,,,
53,"B8",15,12241.5,816.103,2345960,156398,331.247,22.0831,,,
53,"B9",26,27130.7,1043.49,5274910,202881,608.456,23.4021,,,
53,"B10",20,17812.7,890.637,3559380,177969,446.701,22.335,,,
53,"B11",18,18070.3,1003.91,3790470,210582,500.857,27.8254,,,
53,"B12",51,58202.4,1141.22,1.31855E+07,258540,1290.83,25.3103,,,
54,"B1",24,20353.5,848.064,4235840,176493,609.17,25.3821,,,
54,"B2",44,18203.3,413.712,3986650,90605.6,1105.5,25.1251,,,
54,"B3",10,651.271,65.1271,159931,15993.1,275.305,27.5305,,,
54,"B4",20,12856.8,642.839,2155740,107787,448.129,22.4065,,,
54,"B5",10,6353.33,635.333,1171320,117132,225.79,22.579,,,
54,"B6",15,15847.6,1056.51,3838770,255918,406.946,27.1298,,,
54,"B7",33,29762.6,901.897,6624250,200735,816.869,24.7536,,,
54,"B8",15,12550,836.669,2384490,158966,327.676,21.8451,,,
54,"B9",25,25708,1028.32,5160940,206437,600.005,24.0002,,,
54,"B10",21,19593,933,3552740,169178,443.963,21.1411,,,
54,"B11",19,18801.1,989.531,3920700,206353,482.884,25.415,,,
54,"B12",55,62821.7,1142.21,1.3062E+07,237491,1290.47,23.4631,,,
55,"B1",20,16991.1,849.557,4311810,215590,600.481,30.0241,,,
55,"B2",44,18258.4,414.964,3948770,89744.8,1087.65,24.7193,,,
55,"B3",9,620.662,68.9624,160593,17843.7,267.806,29.7563,,,
55,"B4",19,11769.1,619.426,2053020,108054,440.75,23.1973,,,
55,"B5",13,7348.78,565.291,1168740,89903.2,245.43,18.8792,,,
55,"B6",15,15604.4,1040.29,3764810,250987,403.495,26.8997,,,
55,"B7",35,30293.8,865.537,6439070,183973,827.819,23.652,,,
55,"B8",14,11257.9,804.139,2069840,147846,298.277,21.3055,,,
55,"B9",26,26745.4,1028.67,5083910,195535,591.911,22.7658,,,
55,"B10",19,17136.3,901.908,3552430,186970,453.247,23.8551,,,
55,"B11",18,18533.2,1029.62,3882540,215697,450.034,25.0019,,,
55,"B12",55,61132.1,1111.49,1.30585E+07,237428,1293.09,23.5107,,,
56,"B1",22,18914.6,859.753,4256810,193491,606.313,27.5597,,,
56,"B2",42,16486,392.525,3713430,88415,1081.22,25.7434,,,
56,"B3",9,628.087,69.7874,159235,17692.8,265.664,29.5182,,,
56,"B4",21,11628.8,553.753,2151960,102474,477.528,22.7394,,,
56,"B5",12,6476.59,539.716,1130760,94229.8,253.166,21.0972,,,
56,"B6",13,13172.6,1013.28,3670790,282368,404.09,31.0838,,,
56,"B7",35,30064.7,858.992,6166140,176175,827.105,23.6316,,,
56,"B8",15,12264.2,817.614,2204600,146973,314.107,20.9405,,,
56,"B9",25,24606.9,984.276,5146210,205848,621.787,24.8715,,,
56,"B10",20,18360.7,918.034,3592810,179641,447.058,22.3529,,,
56,"B11",19,16967.7,893.037,3463990,182315,449.438,23.6547,,,
56,"B12",56,62162.5,1110.04,1.31654E+07,235097,1308.32,23.3629,,,
57,"B1",21,17318.4,824.685,4305920,205044,607.98,28.9514,,,
57,"B2",44,18061.7,410.494,3922090,89138.5,1079.68,24.5381,,,
57,"B3",10,660.676,66.0676,157746,15774.6,270.187,27.0187,,,
57,"B4",20,12076.4,603.818,2090880,104544,451.7,22.585,,,
57,"B5",12,6241.64,520.136,1100840,91736.4,254.952,21.246,,,
57,"B6",16,16053.9,1003.37,3744420,234026,411.946,25.7466,,,
57,"B7",35,30562.6,873.217,6431960,183770,834.96,23.856,,,
57,"B8",16,12575.6,785.977,2213520,138345,330.413,20.6508,,,
57,"B9",28,28374.3,1013.37,5107640,182416,602.385,21.5138,,,
57,"B10",22,21519.3,978.15,3625880,164813,447.653,20.3479,,,
57,"B11",22,18204.8,827.492,3428170,155826,483.956,21.998,,,
57,"B12",54,58271.7,1079.11,1.29673E+07,240135,1354.39,25.0812,,,
58,"B1",22,18221.3,828.243,4089290,185877,595.006,27.0457,,,
58,"B2",44,17353.1,394.39,3862220,87777.6,1068.73,24.2892,,,
58,"B3",9,612.912,68.1014,161507,17945.2,273.043,30.3382,,,
58,"B4",21,12146.6,578.41,2108450,100402,459.317,21.8723,,,
58,"B5",13,6312.39,485.569,1108010,85231.8,261.855,20.1427,,,
58,"B6",15,14395.8,959.723,3666680,244445,418.849,27.9233,,,
58,"B7",38,31458.2,827.847,6343340,166930,861.622,22.6743,,,
58,"B8",17,12101.2,711.836,2061760,121280,330.175,19.4221,,,
58,"B9",28,27512.9,982.603,5018470,179231,602.743,21.5265,,,
58,"B10",20,17875.4,893.771,3584100,179205,460.032,23.0016,,,
58,"B11",21,20342.4,968.687,3833330,182539,518.949,24.7119,,,
58,"B12",56,61334.9,1095.27,1.27034E+07,226847,1299.63,23.2078,,,
59,"B1",20,16735.5,836.776,4206730,210337,585.484,29.2742,,,
59,"B2",46,17865.1,388.371,3902170,84829.7,1097.17,23.8516,,,
59,"B3",10,665.955,66.5955,164731,16473.1,281.613,28.1613,,,
59,"B4",20,11368,568.401,2054470,102723,456.818,22.8409,,,
59,"B5",12,6475.74,539.645,1081410,90117.2,243.882,20.3235,,,
59,"B6",15,14157.9,943.863,3581360,238757,408.613,27.2409,,,
59,"B7",35,29760.1,850.287,6360600,181731,840.317,24.009,,,
59,"B8",14,10820.4,772.888,2010380,143598,309.703,22.1216,,,
59,"B9",27,25791.4,955.237,5053210,187156,629.404,23.3113,,,
59,"B10",23,21003.7,913.204,3646590,158548,463.364,20.1463,,,
59,"B11",22,21316.3,968.921,4283470,194703,562.512,25.5687,,,
59,"B12",58,64019.8,1103.79,1.28238E+07,221101,1306.78,22.5306,,,
60,"B1",21,16047.7,764.176,4101100,195290,629.166,29.9603,,,
60,"B2",43,17657.8,410.647,3853290,89611.4,1063.85,24.7406,,,
60,"B3",9,629.3,69.9222,159954,17772.7,268.282,29.8092,,,
60,"B4",21,11757.2,559.867,2044610,97362.2,453.247,21.5832,,,
60,"B5",12,6459.17,538.264,1058910,88242.6,239.121,19.9268,,,
60,"B6",14,13319.7,951.407,3566070,254719,403.019,28.787,,,
60,"B7",36,30053.6,834.823,6405970,177943,875.548,24.3208,,,
60,"B8",14,10354.7,739.624,1948900,139207,309.941,22.1387,,,
60,"B9",28,26819.1,957.826,4938900,176389,630.237,22.5085,,,
60,"B10",20,17740.2,887.01,3527110,176355,456.818,22.8409,,,
60,"B11",22,21955.9,997.996,4280790,194581,530.852,24.1296,,,
60,"B12",56,56647.6,1011.57,1.22282E+07,218360,1333.2,23.8071,,,
61,"B1",23,18159.2,789.53,4196780,182469,628.571,27.3292,,,
61,"B2",43,16655.3,387.334,3859180,89748.4,1086.94,25.2776,,,
61,"B3",10,659.379,65.9379,160804,16080.4,276.257,27.6257,,,
61,"B4",21,11312.9,538.711,1981570,94360.7,457.889,21.8042,,,
61,"B5",12,6635.13,552.927,1062250,88521,234.717,19.5598,,,
61,"B6",14,12747,910.501,3449500,246393,403.138,28.7955,,,
61,"B7",35,30146,861.315,6557780,187365,861.741,24.6212,,,
61,"B8",15,11117.5,741.166,2036410,135761,314.583,20.9722,,,
61,"B9",29,27619.3,952.391,4803310,165631,606.075,20.8991,,,
61,"B10",21,18323.7,872.558,3502170,166770,455.747,21.7022,,,
61,"B11",21,22034.8,1049.27,4334000,206381,569.178,27.1037,,,
61,"B12",55,57697.5,1049.05,1.24266E+07,225938,1289.75,23.4501,,,
